Course Code,Credit,Section,Faculty,Days,Time,Room,Seat
ACT201,3.0,1,ARM,MW,04:20 PM - 05:50 PM,NAC202,39
ACT201,3.0,2,ARM,ST,02:40 PM - 04:10 PM,NAC309,37
ACT201,3.0,3,ARM,ST,11:20 AM - 12:50 PM,NAC307,36
ACT201,3.0,4,Asy,MW,11:20 AM - 12:50 PM,NAC307,33
ACT201,3.0,5,Asy,MW,09:40 AM - 11:10 AM,NAC206,34
ACT201,3.0,6,AZR,ST,08:00 AM - 09:30 AM,NAC309,40
ACT201,3.0,7,FI,MW,01:00 PM - 02:30 PM,NAC206,40
ACT201,3.0,8,FI,MW,02:40 PM - 04:10 PM,NAC307,39
ACT201,3.0,9,HAS,MW,04:20 PM - 05:50 PM,NAC309,39
ACT201,3.0,10,IAC,ST,08:00 AM - 09:30 AM,NAC310,40
ACT201,3.0,11,IAC,ST,11:20 AM - 12:50 PM,NAC410,38
ACT201,3.0,12,KHM,RA,01:00 PM - 02:30 PM,NAC310,40
ACT201,3.0,13,KSR,RA,01:00 PM - 02:30 PM,NAC410,39
ACT201,3.0,14,KSR,RA,04:20 PM - 05:50 PM,NAC310,40
ACT201,3.0,15,MdM,ST,01:00 PM - 02:30 PM,NAC508,38
ACT201,3.0,16,MdM,ST,09:40 AM - 11:10 AM,NAC307,33
ACT201,3.0,17,MhMR,RA,08:00 AM - 09:30 AM,NAC309,39
ACT201,3.0,18,MIBS,ST,11:20 AM - 12:50 PM,NAC411,37
ACT201,3.0,19,MIBS,ST,09:40 AM - 11:10 AM,NAC512A,40
ACT201,3.0,20,MOB,RA,09:40 AM - 11:10 AM,NAC510,38
ACT201,3.0,21,MOB,RA,11:20 AM - 12:50 PM,NAC410,39
ACT201,3.0,22,MSKn,RA,01:00 PM - 02:30 PM,NAC411,39
ACT201,3.0,23,MSKn,RA,02:40 PM - 04:10 PM,NAC410,39
ACT201,3.0,24,NNh,ST,09:40 AM - 11:10 AM,NAC310,40
ACT201,3.0,25,NNh,ST,11:20 AM - 12:50 PM,NAC508,38
ACT201,3.0,26,SHA1,ST,01:00 PM - 02:30 PM,NAC309,40
ACT201,3.0,27,SHA1,ST,02:40 PM - 04:10 PM,NAC620,39
ACT201,3.0,28,TsA,MW,08:00 AM - 09:30 AM,NAC508,40
ACT201,3.0,29,TsA,ST,11:20 AM - 12:50 PM,NAC603,40
ACT201,3.0,30,Aay,RA,06:00 PM - 07:30 PM,NAC206,39
ACT201,3.0,31,Ahu,RA,01:00 PM - 02:30 PM,NAC309,39
ACT201,3.0,32,TBA,RA,11:20 AM - 12:50 PM,NAC510,40
ACT202,3.0,1,Ahu,RA,09:40 AM - 11:10 AM,NAC410,40
ACT202,3.0,2,Ahu,RA,02:40 PM - 04:10 PM,NAC309,40
ACT202,3.0,3,AWKm,ST,04:20 PM - 05:50 PM,NAC310,40
ACT202,3.0,4,FI,ST,01:00 PM - 02:30 PM,NAC410,40
ACT202,3.0,5,FI,ST,02:40 PM - 04:10 PM,NAC410,40
ACT202,3.0,6,IAC,MW,01:00 PM - 02:30 PM,NAC309,40
ACT202,3.0,7,IAC,MW,08:00 AM - 09:30 AM,NAC309,40
ACT202,3.0,8,KHM,RA,02:40 PM - 04:10 PM,NAC310,40
ACT202,3.0,9,KSR,RA,11:20 AM - 12:50 PM,NAC310,40
ACT202,3.0,10,MGR,MW,08:00 AM - 09:30 AM,NAC310,40
ACT202,3.0,11,MIBS,MW,09:40 AM - 11:10 AM,NAC310,40
ACT202,3.0,12,MTMD,MW,04:20 PM - 05:50 PM,NAC993,40
ACT202,3.0,13,MTMD,MW,06:00 PM - 07:30 PM,NAC310,40
ACT202,3.0,14,Rby,ST,02:40 PM - 04:10 PM,NAC603,40
ACT202,3.0,15,RMH1,MW,08:00 AM - 09:30 AM,NAC406,40
ACT202,3.0,16,RQR,RA,09:40 AM - 11:10 AM,NAC991,40
ACT202,3.0,17,SHA1,MW,01:00 PM - 02:30 PM,NAC508,40
ACT202,3.0,18,SHA1,MW,04:20 PM - 05:50 PM,NAC603,40
ACT202,3.0,19,Sys,MW,08:00 AM - 09:30 AM,NAC507,40
ACT202,3.0,20,Sys,MW,11:20 AM - 12:50 PM,NAC512A,40
ACT202,3.0,21,TsA,ST,08:00 AM - 09:30 AM,NAC510,40
ACT202,3.0,22,TsA,ST,09:40 AM - 11:10 AM,NAC510,40
ACT310,3.0,1,MGR,ST,09:40 AM - 11:10 AM,NAC309,40
ACT310,3.0,2,Rby,MW,09:40 AM - 11:10 AM,NAC411,40
ACT310,3.0,3,Rby,MW,01:00 PM - 02:30 PM,NAC411,40
ACT320,3.0,1,MGR,MW,01:00 PM - 02:30 PM,NAC310,40
ACT320,3.0,2,RMH1,ST,08:00 AM - 09:30 AM,NAC410,40
ACT320,3.0,3,RMH1,ST,01:00 PM - 02:30 PM,NAC512A,40
ACT360,3.0,1,MIBS,MW,01:00 PM - 02:30 PM,NAC410,40
ACT360,3.0,2,Rby,ST,01:00 PM - 02:30 PM,NAC510,40
ACT370,3.0,1,Ahu,ST,02:40 PM - 04:10 PM,NAC206,40
ACT370,3.0,2,RMH1,MW,11:20 AM - 12:50 PM,NAC510,40
ACT380,3.0,1,FJM,MW,02:40 PM - 04:10 PM,NAC512A,40
ACT410,3.0,1,RMH1,ST,09:40 AM - 11:10 AM,NAC410,40
ACT430,3.0,1,MGR,MW,09:40 AM - 11:10 AM,NAC309,40
ACT460,3.0,1,MGR,ST,08:00 AM - 09:30 AM,NAC406,40
AMCS501,3.0,1,MSHS,M,07:00 PM - 10:10 PM,SAC315,30
AMCS504,3.0,1,PNG,R,07:00 PM - 10:10 PM,SAC315,29
AMCS506,3.0,1,MLA,S,07:00 PM - 10:10 PM,SAC315,30
AMCS507,3.0,1,ALQ,T,07:00 PM - 10:10 PM,SAC315,30
AMCS510/MAT483,3.0,1,MTH,MW,11:20 AM - 12:50 PM,SAC401,30
AMCS511/MAT485,3.0,1,HAr,ST,04:20 PM - 05:50 PM,SAC208,30
ANT101,3.0,1,MTE,ST,09:40 AM - 11:10 AM,NAC304,22
ANT101,3.0,2,BSq,ST,04:20 PM - 05:50 PM,NAC1078,34
ANT101,3.0,3,RJS,RA,09:40 AM - 11:10 AM,NAC303,33
ANT101,3.0,4,RJS,RA,01:00 PM - 02:30 PM,NAC517,67
ANT101,3.0,5,MTE,ST,04:20 PM - 05:50 PM,NAC311,70
ANT101,3.0,7,NJE,ST,08:00 AM - 09:30 AM,NAC314,35
ANT101,3.0,8,NJE,ST,04:20 PM - 05:50 PM,NAC303,35
ANT101,3.0,9,NJE,RA,08:00 AM - 09:30 AM,NAC303,35
ANT101,3.0,10,TAE,MW,04:20 PM - 05:50 PM,NAC601,31
ANT101,3.0,11,TAE,ST,01:00 PM - 02:30 PM,NAC1080,39
ANT101,3.0,12,TAE,ST,04:20 PM - 05:50 PM,NAC501,40
ANT101,3.0,14,TBA,ST,08:00 AM - 09:30 AM,NAC407,35
ANT101,3.0,16,TBA,ST,06:00 PM - 07:30 PM,NAC303,33
ANT102,3.0,1,SRFz,ST,09:40 AM - 11:10 AM,NAC314,0
ANT103,3.0,1,MTE,MW,11:20 AM - 12:50 PM,NAC202,0
ANT103,3.0,2,SyNA,ST,04:20 PM - 05:50 PM,NAC517,70
ANT103,3.0,3,AAA,MW,06:00 PM - 07:30 PM,NAC303,35
ANT204,3.0,1,BSq,ST,11:20 AM - 12:50 PM,NAC216,15
ARC111,3.0,1,RMY,STR,09:40 AM - 12:50 PM,OAT803,0
ARC111,3.0,2,MGA,STR,09:40 AM - 12:50 PM,OAT803_V,0
ARC111,3.0,3,DMS,STR,09:40 AM - 12:50 PM,OAT803_V1,1
ARC111,3.0,4,EBW,STR,09:40 AM - 12:50 PM,OAT803_V2,13
ARC112,3.0,1,SQR,STR,09:40 AM - 12:50 PM,LIB903,15
ARC112,3.0,2,RTS,STR,09:40 AM - 12:50 PM,LIB903_V,15
ARC112,3.0,3,OFS,STR,09:40 AM - 12:50 PM,LIB903_v1,15
ARC112,3.0,4,EMN,STR,09:40 AM - 12:50 PM,LIB1002,15
ARC121,3.0,1,NAW,MW,09:40 AM - 12:50 PM,OAT803,0
ARC121,3.0,2,MTM2,MW,09:40 AM - 12:50 PM,OAT803_V,0
ARC121,3.0,3,TBA,MW,09:40 AM - 12:50 PM,OAT803_V1,1
ARC121,3.0,4,TBA,MW,09:40 AM - 12:50 PM,OAT803_V2,13
ARC122,3.0,1,SIU,MW,09:40 AM - 12:50 PM,LIB903,15
ARC122,3.0,2,HRU,MW,09:40 AM - 12:50 PM,LIB903_V,15
ARC122,3.0,3,RTS,MW,09:40 AM - 12:50 PM,LIB903_v1,15
ARC122,3.0,4,TBA,MW,09:40 AM - 12:50 PM,TBA,15
ARC123,3.0,1,RMY,MW,01:00 PM - 04:10 PM,LIB906,15
ARC123,3.0,2,MGA,MW,01:00 PM - 04:10 PM,LIB906_V,15
ARC131,3.0,1,SIK3,ST,08:00 AM - 09:30 AM,SAC513,35
ARC131,3.0,2,AKD1,ST,04:20 PM - 05:50 PM,NAC206,35
ARC131,3.0,3,AKD1,ST,02:40 PM - 04:10 PM,TBA_V,34
ARC131,3.0,4,AHS1,ST,01:00 PM - 02:30 PM,SAC513,35
ARC131,3.0,5,ASAA,MW,08:00 AM - 09:30 AM,NAC202,35
ARC131,3.0,6,TBA,ST,01:00 PM - 02:30 PM,NAC619,0
ARC133,3.0,1,SNF,S,01:00 PM - 02:30 PM,NAC202,10
ARC133,3.0,2,MGA,T,01:00 PM - 02:30 PM,NAC202,14
ARC200,3.0,1,MTM2,M,01:00 PM - 04:10 PM,LIB910,15
ARC200,3.0,2,MTM2,W,01:00 PM - 04:10 PM,LIB910_V,15
ARC200,3.0,3,TBA,MW,02:40 PM - 04:10 PM,NAC619,0
ARC213,3.0,1,AKD1,STR,09:40 AM - 12:50 PM,LIB910,15
ARC213,3.0,2,HRU,STR,09:40 AM - 12:50 PM,LIB910_V,15
ARC213,3.0,3,THW,STR,09:40 AM - 12:50 PM,LIB913_V,15
ARC214,3.0,1,NAW,STWR,09:40 AM - 12:50 PM,SAC802,15
ARC214,3.0,2,MTM2,STWR,09:40 AM - 12:50 PM,SAC802_v,15
ARC214,3.0,3,NSDI,STWR,09:40 AM - 12:50 PM,TBA_v2,15
ARC215,3.0,1,MBRN,STR,09:40 AM - 12:50 PM,LIB901,15
ARC215,3.0,2,SJU,STR,09:40 AM - 12:50 PM,LIB901_V,15
ARC241,3.0,1,SQR,ST,04:20 PM - 05:50 PM,AUDI 801,35
ARC241,3.0,2,TBA,ST,04:20 PM - 05:50 PM,NAC307,0
ARC242,3.0,2,SIK3,ST,02:40 PM - 04:10 PM,AUDI 801_v,35
ARC251,3.0,1,MTM2,ST,02:40 PM - 04:10 PM,SAC801A,35
ARC261,3.0,1,SIU,ST,01:00 PM - 02:30 PM,LAB1,35
ARC261,3.0,2,RMY,MW,04:20 PM - 05:50 PM,AUDI 801,35
ARC262,3.0,1,SIU,MW,01:00 PM - 02:30 PM,SAC513,35
ARC262,3.0,3,TBA,MW,04:20 PM - 05:50 PM,NAC602,0
ARC263,3.0,1,MFN,MW,01:00 PM - 02:30 PM,NAC512A,35
ARC264,3.0,1,MFN,M,09:40 AM - 12:50 PM,OAT901,35
ARC271,3.0,1,AKD1,MW,02:40 PM - 04:10 PM,SAC801A,35
ARC271,3.0,2,NTL,MW,08:00 AM - 09:30 AM,SAC801A,35
ARC271,3.0,3,TBA,MW,02:40 PM - 04:10 PM,NAC620,0
ARC272,3.0,1,MBRN,ST,04:20 PM - 05:50 PM,AUDI 801_v,35
ARC273,3.0,1,NTL,M,09:40 AM - 11:40 AM,LIB1002,15
ARC273,3.0,2,NTL,M,11:40 AM - 01:40 PM,LIB1002_V,15
ARC281,3.0,1,MGD,M,02:40 PM - 04:40 PM,OAT901,35
ARC282,3.0,1,MGD,M,04:40 PM - 06:40 PM,Gallery,35
ARC283,3.0,1,NZU,W,02:40 PM - 04:40 PM,OAT901,35
ARC310,3.0,1,SNF,ST,04:20 PM - 05:50 PM,Auditorium Lobby,35
ARC310,3.0,2,TBA,ST,04:20 PM - 05:50 PM,NAC991,0
ARC310,3.0,3,TBA,ST,04:20 PM - 05:50 PM,NAC993,0
ARC310,3.0,4,TBA,ST,04:20 PM - 05:50 PM,NAC1079,0
ARC316,3.0,1,SJD,STR,09:40 AM - 12:50 PM,LIB902,15
ARC316,3.0,2,JNL,STR,09:40 AM - 12:50 PM,LIB902_V,15
ARC317,3.0,1,SIK3,STWR,09:40 AM - 12:50 PM,LIB905,15
ARC317,3.0,2,SNF,STWR,09:40 AM - 12:50 PM,LIB905_V,15
ARC318,3.0,1,MFN,STWR,09:40 AM - 12:50 PM,OAT1003,20
ARC324,3.0,1,SSIM,ST,01:00 PM - 04:10 PM,LIB902,15
ARC324,3.0,2,RQH,ST,01:00 PM - 04:10 PM,LIB902_V,15
ARC334,3.0,1,AHS1,W,02:40 PM - 04:10 PM,SAC513,35
ARC343,3.0,1,MUN,ST,04:20 PM - 05:50 PM,Exhibition Hall,35
ARC344,3.0,1,SSIM,MW,01:00 PM - 02:30 PM,SAC801A,35
ARC344,3.0,2,TBA,MW,01:00 PM - 02:30 PM,NAC619,0
ARC344,3.0,3,TBA,MW,01:00 PM - 02:30 PM,NAC620,0
ARC384,3.0,1,TBA,MW,04:20 PM - 05:50 PM,LAB2,35
ARC384,3.0,2,TBA,MW,04:20 PM - 05:50 PM,NAC1079,0
ARC410,3.0,1,SJD,ST,08:00 AM - 09:30 AM,SAC801A,35
ARC418,3.0,1,NTL,STWR,09:40 AM - 12:50 PM,LIB904,15
ARC418,3.0,2,AHS1,STWR,09:40 AM - 12:50 PM,LIB904_V,15
ARC437,3.0,1,HRU,M,08:00 AM - 09:30 AM,NAC512A,35
ARC445,3.0,1,SIK3,ST,01:00 PM - 02:30 PM,SAC801A,35
ARC453,3.0,1,NAW,MW,08:00 AM - 09:30 AM,NAC413,35
ARC454,3.0,1,MBRN,ST,02:40 PM - 04:10 PM,Faculty Lounge,35
ARC454,3.0,2,TBA,ST,02:40 PM - 04:10 PM,NAC991,0
ARC474,3.0,1,MFN,ST,08:00 AM - 09:30 AM,NAC512A,35
ARC492,3.0,1,MBRN,R,08:00 AM - 09:30 AM,OAT901,15
ARC500,3.0,1,SQR,R,01:30 PM - 03:30 PM,LIB1002,35
ARC510,3.0,1,SIU,STR,09:40 AM - 12:50 PM,OAT1001,15
ARC510,3.0,2,RQH,STR,09:40 AM - 12:50 PM,OAT1001_V,15
ARC519,3.0,1,MUN,STR,09:40 AM - 12:50 PM,OAT902,15
ARC519,3.0,2,ASAA,STR,09:40 AM - 12:50 PM,OAT902_V,15
ARC519,3.0,5,MUN,STW,01:00 PM - 04:10 PM,OAT903,15
ARC519,3.0,6,ASAA,STW,01:00 PM - 04:10 PM,OAT903_V1,15
ARC535,3.0,1,AHS1,S,02:40 PM - 04:10 PM,LAB3,35
ARC535,3.0,2,TBA,ST,02:40 PM - 04:10 PM,NAC993,0
ARC576,3.0,1,RMY,ST,08:00 AM - 09:30 AM,NAC216,35
ARC576,3.0,2,TBA,ST,08:00 AM - 09:30 AM,SAC304,0
ARC596,3.0,1,SSIM,STR,09:40 AM - 12:50 PM,OAT1002,15
ARC598,3.0,1,SSIM,W,08:00 AM - 09:30 AM,NAC512A,15
BBT203,3.0,1,RHS,RA,02:40 PM - 04:10 PM,LIB601,35
BBT203,3.0,2,RHS,RA,04:20 PM - 05:50 PM,LIB601,35
BBT203,3.0,3,TBA,ST,11:20 AM - 12:50 PM,NAC1079,0
BBT203,3.0,4,Mqn,ST,09:40 AM - 11:10 AM,LIB609,40
BBT221,3.0,1,HML,MW,09:40 AM - 11:10 AM,NTR203,30
BBT221,3.0,2,HML,MW,11:20 AM - 12:50 PM,NTR203,30
BBT221,3.0,3,MBE,ST,01:00 PM - 02:30 PM,NAC214,35
BBT221,3.0,4,PYN,RA,09:40 AM - 11:10 AM,SAC406,40
BBT221,3.0,5,PYN,RA,01:00 PM - 02:30 PM,SAC402,40
BBT221,3.0,6,THN,MW,08:00 AM - 09:30 AM,LIB907,30
BBT221,3.0,7,ARIM,MW,08:00 AM - 09:30 AM,NTR204,30
BBT221,3.0,8,TSHQ,MW,11:20 AM - 12:50 PM,NTR204,30
BBT230,3.0,1,ESD,ST,08:00 AM - 09:30 AM,LIB601,40
BBT230,3.0,2,OAh,ST,11:20 AM - 12:50 PM,LIB601,40
BBT230,3.0,3,MTSA,ST,09:40 AM - 11:10 AM,LIB601,35
BBT230,3.0,4,MTSA,MW,04:20 PM - 05:50 PM,LIB601,35
BBT230,3.0,5,OAH,ST,02:40 PM - 04:10 PM,LIB601,40
BBT230,3.0,6,ESD,ST,01:00 PM - 02:30 PM,LIB601,40
BBT312,3.0,1,MSH3,ST,08:00 AM - 09:30 AM,OAT601,80
BBT312,3.0,2,MSH3,ST,09:40 AM - 11:10 AM,OAT601,80
BBT312,3.0,3,MSH3,MW,09:40 AM - 11:10 AM,OAT601,80
BBT312L,3.0,1,HRA,M,02:40 PM - 05:40 PM,SAC412,20
BBT312L,3.0,2,HRA,A,11:20 AM - 02:20 PM,SAC412,20
BBT312L,3.0,3,HRA,A,11:20 AM - 02:20 PM,SAC412_V,20
BBT312L,3.0,4,ESD,M,08:00 AM - 11:00 AM,SAC412,20
BBT312L,3.0,5,ESD,M,08:00 AM - 11:00 AM,SAC412_V,20
BBT312L,3.0,6,ESD,W,08:00 AM - 11:00 AM,SAC412,20
BBT312L,3.0,7,ESD,W,08:00 AM - 11:00 AM,SAC412_V,20
BBT312L,3.0,8,TBA,A,02:40 PM - 05:40 PM,SAC412,20
BBT312L,3.0,9,NRO,S,02:40 PM - 05:50 PM,SAC412,20
BBT314,3.0,1,MAKN,ST,11:20 AM - 12:50 PM,OAT601,80
BBT314,3.0,2,ARIM,ST,09:40 AM - 11:10 AM,NTR203,30
BBT314,3.0,3,NTA,MW,04:20 PM - 05:50 PM,SAC406,40
BBT314,3.0,4,MTSA,ST,08:00 AM - 09:30 AM,SAC406,40
BBT314L,3.0,1,HRA,W,02:40 PM - 05:40 PM,SAC414,20
BBT314L,3.0,2,HRA,A,02:40 PM - 05:40 PM,SAC414,20
BBT314L,3.0,3,HRA,A,02:40 PM - 05:40 PM,SAC414_V,20
BBT314L,3.0,4,ARIM,R,08:00 AM - 11:00 AM,SAC414,20
BBT314L,3.0,5,ARIM,R,08:00 AM - 11:00 AM,SAC414_V,20
BBT314L,3.0,6,MTSA,S,11:20 AM - 02:20 PM,SAC414,20
BBT314L,3.0,7,MTSA,T,11:20 AM - 02:20 PM,SAC414,20
BBT315,3.0,1,SMDA,ST,11:20 AM - 12:50 PM,LIB907,30
BBT315,3.0,2,SMDA,MW,02:40 PM - 04:10 PM,SAC401,35
BBT315,3.0,3,MAKN,MW,11:20 AM - 12:50 PM,OAT601,80
BBT316,3.0,1,KNH,ST,11:20 AM - 12:50 PM,SAC404,40
BBT316,3.0,2,KNH,MW,09:40 AM - 11:10 AM,SAC404,40
BBT316,3.0,3,KNH,MW,11:20 AM - 12:50 PM,SAC404,40
BBT316,3.0,4,KNH,MW,02:40 PM - 04:10 PM,SAC404,40
BBT316L,3.0,1,THN,S,08:00 AM - 11:00 AM,SAC414,20
BBT316L,3.0,2,THN,S,08:00 AM - 11:00 AM,SAC414_V,20
BBT316L,3.0,3,THN,A,08:00 AM - 11:00 AM,SAC414,20
BBT316L,3.0,4,THN,A,08:00 AM - 11:00 AM,SAC414_V,20
BBT316L,3.0,5,THN,A,11:20 AM - 02:20 PM,SAC414,20
BBT316L,3.0,6,THN,A,11:20 AM - 02:20 PM,SAC414_V,20
BBT317,3.0,1,SDL,ST,11:20 AM - 12:50 PM,SAC402,40
BBT317,3.0,2,SDL,MW,11:20 AM - 12:50 PM,SAC402,40
BBT317,3.0,3,MSH3,MW,08:00 AM - 09:30 AM,SAC404,40
BBT317,3.0,4,OAH,MW,04:20 PM - 05:50 PM,SAC402,40
BBT318,3.0,1,SDL,ST,09:40 AM - 11:10 AM,SAC402,40
BBT318,3.0,2,SDL,ST,02:40 PM - 04:10 PM,SAC402,40
BBT318,3.0,3,SDL,MW,02:40 PM - 04:10 PM,SAC402,40
BBT335,3.0,1,IJN,MW,09:40 AM - 11:10 AM,SAC206,35
BBT335,3.0,2,IJN,MW,11:20 AM - 12:50 PM,SAC206,35
BBT335,3.0,3,IJN,MW,02:40 PM - 04:10 PM,SAC406,40
BBT413,3.0,1,CAK,MW,09:40 AM - 11:10 AM,LIB907,30
BBT413,3.0,2,CAK,MW,01:00 PM - 02:30 PM,SAC404,40
BBT413,3.0,3,IJN,ST,09:40 AM - 11:10 AM,SAC406,40
BBT413,3.0,4,MBE,ST,04:20 PM - 05:50 PM,NAC502,40
BBT413L,3.0,1,MBE,M,02:40 PM - 05:40 PM,SAC412_V,20
BBT413L,3.0,2,MBE,W,11:20 AM - 02:20 PM,SAC412,20
BBT413L,3.0,3,MBE,W,11:20 AM - 02:20 PM,SAC412_V,20
BBT413L,3.0,4,MBE,W,02:40 PM - 05:40 PM,SAC412_V,20
BBT413L,3.0,10,THN,R,08:00 AM - 11:10 AM,SAC412,25
BBT415,3.0,1,CAK,ST,09:40 AM - 11:10 AM,SAC404,40
BBT415,3.0,2,CAK,ST,11:20 AM - 12:50 PM,SAC406,40
BBT415,3.0,3,CAK,ST,02:40 PM - 04:10 PM,SAC406,40
BBT415L,3.0,1,MSH3,W,02:40 PM - 05:40 PM,SAC412,20
BBT415L,3.0,3,ARIM,M,11:20 AM - 02:20 PM,SAC412,20
BBT415L,3.0,4,ARIM,M,11:20 AM - 02:20 PM,SAC412_V,20
BBT415L,3.0,5,NRO,S,02:40 PM - 05:50 PM,SAC412_V,25
BBT415L,3.0,6,THN,R,08:00 AM - 11:10 AM,SAC412_V,20
BBT416,3.0,1,OAH,ST,04:20 PM - 05:50 PM,LIB601,35
BBT416,3.0,2,OAH,MW,11:20 AM - 12:50 PM,LIB601,40
BBT416,3.0,3,OAH,MW,02:40 PM - 04:10 PM,LIB601,35
BBT417,3.0,1,IJN,ST,01:00 PM - 02:30 PM,SAC406,40
BBT417,3.0,2,IJN,ST,04:20 PM - 05:50 PM,SAC406,40
BBT418,3.0,1,CAK,MW,04:20 PM - 05:50 PM,SAC404,40
BBT419,3.0,1,SDL,MW,09:40 AM - 11:10 AM,SAC402,40
BBT419,3.0,2,SMDA,ST,01:00 PM - 02:30 PM,SAC404,40
BBT419,3.0,3,SMDA,ST,08:00 AM - 09:30 AM,SAC404,40
BBT421,3.0,1,KNH,ST,02:40 PM - 04:10 PM,SAC404,40
BBT423,3.0,1,MAKN,ST,02:40 PM - 04:10 PM,OAT601,80
BBT423,3.0,3,MAKN,MW,08:00 AM - 09:30 AM,NTR203,30
BBT424,3.0,1,SMDA,MW,01:00 PM - 02:30 PM,SAC406,40
BBT424,3.0,2,SMDA,MW,08:00 AM - 09:30 AM,SAC406,40
BBT427,3.0,1,HIM,RA,08:00 AM - 09:30 AM,SAC404,40
BBT601,3.0,1,IQM,R,07:00 PM - 10:10 PM,SAC404,40
BBT608/BBT609,3.0,1,AWN,S,07:00 PM - 10:10 PM,SAC405,40
BBT615/BBT616,3.0,1,IQM,M,07:00 PM - 10:10 PM,SAC406,40
BBT622/BBT623,3.0,1,MBE,S,07:00 PM - 10:10 PM,SAC404,40
BBT631,3.0,1,CQA,T,07:00 PM - 10:10 PM,SAC404,40
BBT638/BBT639,3.0,1,SMDA,T,07:00 PM - 10:10 PM,SAC405,40
BBT654,3.0,1,ACN,W,07:00 PM - 10:10 PM,SAC405,40
BBT659,3.0,1,SDL,M,07:00 PM - 10:10 PM,SAC404,40
BBT671,3.0,1,OAH,W,07:00 PM - 10:10 PM,LIB601,40
BBT685,3.0,1,RHS,F,09:00 AM - 12:00 PM,SAC404,40
BBT695,3.0,1,MSH3,W,07:00 PM - 10:10 PM,SAC404,40
BBT792,3.0,1,MTSA,M,07:00 PM - 10:10 PM,LIB601,40
BEN205,3.0,1,NJb,ST,09:40 AM - 11:10 AM,NAC408,39
BEN205,3.0,2,Rme,ST,01:00 PM - 02:30 PM,NAC307,39
BEN205,3.0,3,Snj,ST,01:00 PM - 02:30 PM,NAC409,39
BEN205,3.0,4,NJb,ST,01:00 PM - 02:30 PM,NAC515,40
BEN205,3.0,5,Snj,ST,02:40 PM - 04:10 PM,NAC409,40
BEN205,3.0,6,Rme,ST,04:20 PM - 05:50 PM,NAC305,40
BEN205,3.0,7,NJb,MW,09:40 AM - 11:10 AM,NAC408,37
BEN205,3.0,8,NJb,MW,01:00 PM - 02:30 PM,NAC408,40
BEN205,3.0,9,Rme,MW,01:00 PM - 02:30 PM,NAC515,40
BEN205,3.0,10,Rme,MW,02:40 PM - 04:10 PM,NAC515,40
BEN205,3.0,11,ADy,RA,09:40 AM - 11:10 AM,NAC515,36
BEN205,3.0,12,TBA,RA,11:20 AM - 12:50 PM,LAB2,35
BEN205,3.0,13,TBA,RA,11:20 AM - 12:50 PM,NAC991,40
BEN205,3.0,14,TBA,RA,01:00 PM - 02:30 PM,NAC207,39
BEN205,3.0,15,TBA,RA,08:00 AM - 09:30 AM,NAC602,40
BEN205,3.0,16,TBA,RA,08:00 AM - 09:30 AM,NAC604,40
BEN205,3.0,17,TBA,RA,08:00 AM - 09:30 AM,NAC402,40
BEN205,3.0,18,TBA,RA,08:00 AM - 09:30 AM,NAC403,40
BEN205,3.0,19,TBA,RA,08:00 AM - 09:30 AM,NAC412,40
BEN205,3.0,20,TBA,RA,11:20 AM - 12:50 PM,NAC307,40
BEN205,3.0,21,TBA,RA,01:00 PM - 02:30 PM,NAC202,35
BEN205,3.0,22,TBA,RA,11:20 AM - 12:50 PM,NAC202,35
BEN205,3.0,23,TBA,RA,08:00 AM - 09:30 AM,NAC202,35
BEN205,3.0,24,TBA,RA,02:40 PM - 04:10 PM,NAC620,40
BEN205,3.0,25,TBA,RA,11:20 AM - 12:50 PM,NAC620,40
BEN205,3.0,26,TBA,RA,08:00 AM - 09:30 AM,NAC619,40
BEN205,3.0,27,TBA,RA,08:00 AM - 09:30 AM,NAC619A,40
BEN205,3.0,28,TBA,RA,11:20 AM - 12:50 PM,NAC512,40
BEN205,3.0,29,TBA,MW,08:00 AM - 09:30 AM,NAC501,40
BEN205,3.0,30,TBA,RA,06:00 PM - 07:30 PM,NAC310,35
BEN205,3.0,31,TBA,MW,08:00 AM - 09:30 AM,NAC207,35
BEN205,3.0,32,TBA,RA,01:00 PM - 02:30 PM,NAC620,40
BEN205,3.0,33,TBA,RA,08:00 AM - 09:30 AM,NAC620,40
BEN205,3.0,34,TBA,RA,08:00 AM - 09:30 AM,NAC621,40
BIO103,3.0,1,TBA,ST,04:20 PM - 05:50 PM,SAC407,0
BIO103,3.0,2,TBA,MW,08:00 AM - 09:30 AM,SAC407,38
BIO103,3.0,3,SKK,MW,09:40 AM - 11:10 AM,SAC405,26
BIO103,3.0,4,SKK,MW,11:20 AM - 12:50 PM,SAC405,31
BIO103,3.0,5,TBA,RA,02:40 PM - 04:10 PM,SAC403,0
BIO103,3.0,6,MAR5,RA,02:40 PM - 04:10 PM,SAC407,0
BIO103,3.0,7,TBA,RA,04:20 PM - 05:50 PM,SAC405,35
BIO103,3.0,8,TBA,RA,04:20 PM - 05:50 PM,SAC407,0
BIO103,3.0,9,HRA,ST,11:20 AM - 12:50 PM,SAC206,0
BIO103,3.0,10,HRA,ST,02:40 PM - 04:10 PM,SAC206,0
BIO103,3.0,11,HRA,MW,11:20 AM - 12:50 PM,LIB907,0
BIO103,3.0,12,TBA,ST,01:00 PM - 02:30 PM,SAC206,26
BIO103,3.0,13,AWN,ST,04:20 PM - 05:50 PM,SAC801A,28
BIO103,3.0,14,TBA,MW,01:00 PM - 02:30 PM,SAC206,0
BIO103,3.0,15,HMS,MW,04:20 PM - 05:50 PM,SAC206,33
BIO103,3.0,16,SUBK,MW,04:20 PM - 05:50 PM,SAC801A,35
BIO103,3.0,17,Thn,ST,06:00 PM - 07:30 PM,SAC206,35
BIO103,3.0,18,HMS,MW,06:00 PM - 07:30 PM,SAC206,35
BIO103,3.0,19,MRIS,RA,09:40 AM - 11:10 AM,SAC206,14
BIO103,3.0,20,TBA,RA,02:40 PM - 04:10 PM,SAC206,27
BIO103,3.0,21,TBA,RA,04:20 PM - 05:50 PM,SAC206,35
BIO103,3.0,22,AVC,ST,08:00 AM - 09:30 AM,LIB907,28
BIO103,3.0,23,NAFN,ST,08:00 AM - 09:30 AM,NTR204,30
BIO103,3.0,24,TBA,ST,08:00 AM - 09:30 AM,NTR304,28
BIO103,3.0,25,TBA,ST,06:00 PM - 07:30 PM,NTR204,0
BIO103,3.0,26,TBA,MW,06:00 PM - 07:30 PM,SAC210,40
BIO103,3.0,27,SUBK,MW,06:00 PM - 07:30 PM,NTR204,30
BIO103,3.0,28,OFK,RA,08:00 AM - 09:30 AM,NTR304,29
BIO103,3.0,29,TBA,RA,06:00 PM - 07:30 PM,NTR204,30
BIO103,3.0,30,TBA,ST,08:00 AM - 09:30 AM,NAC513,0
BIO103,3.0,31,TBA,ST,01:00 PM - 02:30 PM,NAC513,0
BIO103,3.0,32,THT,ST,04:20 PM - 05:50 PM,NAC513,27
BIO103,3.0,33,TBA,MW,08:00 AM - 09:30 AM,NAC513,39
BIO103,3.0,34,TBA,MW,09:40 AM - 11:10 AM,NAC513,39
BIO103,3.0,35,NRO,MW,01:00 PM - 02:30 PM,NAC513,0
BIO103,3.0,36,FZD,MW,04:20 PM - 05:50 PM,NAC512A,40
BIO103,3.0,37,MRIS,RA,08:00 AM - 09:30 AM,NAC512,40
BIO103,3.0,38,MBMD,RA,08:00 AM - 09:30 AM,NAC512A,40
BIO103,3.0,39,HIM,RA,09:40 AM - 11:10 AM,NAC513,40
BIO103,3.0,40,BUN,RA,11:20 AM - 12:50 PM,NAC206,2
BIO103,3.0,41,OFK,RA,11:20 AM - 12:50 PM,NAC512A,36
BIO103,3.0,42,HIM,RA,11:20 AM - 12:50 PM,NAC513,40
BIO103,3.0,43,TBA,RA,11:20 AM - 12:50 PM,SAC801A,33
BIO103,3.0,44,ABE,RA,01:00 PM - 02:30 PM,NAC512A,2
BIO103,3.0,45,TBA,ST,01:00 PM - 02:30 PM,NAC602,0
BIO103,3.0,46,FMJ,MW,08:00 AM - 09:30 AM,NAC602,40
BIO103,3.0,47,MBMD,RA,09:40 AM - 11:10 AM,NAC602,39
BIO103,3.0,48,TBA,RA,09:40 AM - 11:10 AM,NAC619,39
BIO103,3.0,49,LTB,RA,08:00 AM - 09:30 AM,NAC413,40
BIO103,3.0,50,TBA,RA,01:00 PM - 02:30 PM,NAC602,1
BIO103,3.0,51,Mar5,RA,01:00 PM - 02:30 PM,NAC619,0
BIO103,3.0,52,BUN,RA,08:00 AM - 09:30 AM,NAC513,39
BIO103,3.0,53,Mfl,ST,06:00 PM - 07:30 PM,NTR203,30
BIO103,3.0,54,NuS,MW,06:00 PM - 07:30 PM,SAC209,40
BIO103,3.0,55,MRKL,ST,02:40 PM - 04:10 PM,NAC1079,43
BIO103,3.0,56,FMJ,MW,06:00 PM - 07:30 PM,SAC205,35
BIO103,3.0,57,FMJ,MW,04:20 PM - 05:50 PM,NAC1078,45
BIO103,3.0,58,TBA,RA,08:00 AM - 09:30 AM,SAC801A,0
BIO103,3.0,59,TBA,RA,11:20 AM - 12:50 PM,NAC619,0
BIO103,3.0,60,MbMd,RA,06:00 PM - 07:30 PM,NAC413,45
BIO103,3.0,61,TBA,ST,09:40 AM - 11:10 AM,NAC603,0
BIO103,3.0,62,KFR,MW,02:40 PM - 04:10 PM,NAC1077,45
BIO103,3.0,63,THT,MW,02:40 PM - 04:10 PM,NAC1078,2
BIO103L,3.0,1,KMRH,S,08:00 AM - 11:00 AM,SAC415,20
BIO103L,3.0,2,KMRH,S,08:00 AM - 11:00 AM,SAC415_v1,20
BIO103L,3.0,3,FHA,S,11:20 AM - 02:20 PM,SAC415,20
BIO103L,3.0,4,FHA,S,11:20 AM - 02:20 PM,SAC415_v1,20
BIO103L,3.0,5,SKK,S,02:40 PM - 05:40 PM,SAC415,20
BIO103L,3.0,6,SKK,S,02:40 PM - 05:40 PM,SAC415_v1,20
BIO103L,3.0,7,KMRH,M,08:00 AM - 11:00 AM,SAC415,20
BIO103L,3.0,8,KMRH,M,08:00 AM - 11:00 AM,SAC415_v1,20
BIO103L,3.0,9,TBA,M,11:20 AM - 02:20 PM,SAC415,20
BIO103L,3.0,10,TBA,M,11:20 AM - 02:20 PM,SAC415_v1,20
BIO103L,3.0,11,SKK,M,02:40 PM - 05:40 PM,SAC415,20
BIO103L,3.0,12,SKK,M,02:40 PM - 05:40 PM,SAC415_v1,20
BIO103L,3.0,13,KMRH,T,08:00 AM - 11:00 AM,SAC415,20
BIO103L,3.0,14,KMRH,T,08:00 AM - 11:00 AM,SAC415_v1,20
BIO103L,3.0,15,KLQ,T,11:20 AM - 02:20 PM,SAC415,20
BIO103L,3.0,16,KLQ,T,11:20 AM - 02:20 PM,SAC415_v1,20
BIO103L,3.0,17,FHO,T,02:40 PM - 05:40 PM,SAC415,20
BIO103L,3.0,18,FHO,T,02:40 PM - 05:40 PM,SAC415_v1,20
BIO103L,3.0,19,KSP,W,08:00 AM - 11:00 AM,SAC415,20
BIO103L,3.0,20,KSP,W,08:00 AM - 11:00 AM,SAC415_v1,20
BIO103L,3.0,21,FHA,W,11:20 AM - 02:20 PM,SAC415,20
BIO103L,3.0,22,FHA,W,11:20 AM - 02:20 PM,SAC415_v1,20
BIO103L,3.0,23,Fddn,W,02:40 PM - 05:40 PM,SAC415,20
BIO103L,3.0,24,Fddn,W,02:40 PM - 05:40 PM,SAC415_v1,20
BIO103L,3.0,25,MTO,R,11:20 AM - 02:20 PM,SAC415,20
BIO103L,3.0,26,MTO,R,11:20 AM - 02:20 PM,SAC415_v1,20
BIO103L,3.0,27,NBB,R,02:40 PM - 05:40 PM,SAC415,20
BIO103L,3.0,28,NBB,R,02:40 PM - 05:40 PM,SAC415_v1,20
BIO103L,3.0,29,Fddn,A,11:20 AM - 02:20 PM,SAC415,20
BIO103L,3.0,30,TBA,A,11:20 AM - 02:20 PM,SAC415_v1,20
BIO103L,3.0,31,Fddn,A,02:40 PM - 05:40 PM,SAC415,20
BIO103L,3.0,32,MTO,A,02:40 PM - 05:40 PM,SAC415_v1,20
BIO103L,3.0,33,Fddn,R,08:00 AM - 11:00 AM,SAC415,20
BIO103L,3.0,34,TBA,R,08:00 AM - 11:00 AM,SAC415_v1,20
BIO103L,3.0,35,TBA,A,08:00 AM - 11:00 AM,SAC415,20
BIO103L,3.0,36,TBA,A,08:00 AM - 11:00 AM,SAC415_v1,20
BIO103L,3.0,37,KFR,S,08:00 AM - 11:00 AM,SAC412,20
BIO103L,3.0,38,KFR,S,08:00 AM - 11:00 AM,SAC412_V,20
BIO103L,3.0,39,TBA,T,08:00 AM - 11:00 AM,SAC412,20
BIO103L,3.0,40,TBA,T,08:00 AM - 11:00 AM,SAC412_V,20
BIO103L,3.0,41,TBA,T,11:20 AM - 02:20 PM,SAC412_V,0
BIO201,3.0,1,KLQ,MW,09:40 AM - 11:10 AM,SAC406,40
BIO201,3.0,2,KLQ,MW,11:20 AM - 12:50 PM,SAC406,40
BIO201,3.0,3,MAKN,MW,02:40 PM - 04:10 PM,OAT601,0
BIO201,3.0,4,ARIM,ST,04:20 PM - 05:50 PM,SAC404,40
BIO201,3.0,5,ARIM,ST,01:00 PM - 02:30 PM,SAC402,40
BIO201,3.0,6,HML,ST,01:00 PM - 02:30 PM,NTR203,30
BIO201,3.0,7,HML,ST,02:40 PM - 04:10 PM,NTR203,30
BIO201,3.0,8,ACN,MW,01:00 PM - 02:30 PM,SAC402,40
BIO201,3.0,9,MTSA,MW,02:40 PM - 04:10 PM,NTR203,30
BIO201,3.0,10,ACN,ST,04:20 PM - 05:50 PM,NTR203,30
BIO201,3.0,11,FZD,ST,02:40 PM - 04:10 PM,SAC401,35
BIO201,3.0,12,FZD,MW,01:00 PM - 02:30 PM,SAC401,35
BIO201,3.0,13,MRKL,RA,09:40 AM - 11:10 AM,SAC402,40
BIO201,3.0,14,NTA,RA,09:40 AM - 11:10 AM,SAC404,40
BIO201,3.0,15,NTA,RA,11:20 AM - 12:50 PM,SAC404,40
BIO201,3.0,16,NTA,RA,02:40 PM - 04:10 PM,SAC404,40
BIO201,3.0,17,THT,ST,11:20 AM - 12:50 PM,NTR203,30
BIO201,3.0,18,THT,ST,01:00 PM - 02:30 PM,LIB907,30
BIO201,3.0,20,TBA,MW,02:40 PM - 04:10 PM,LIB907,30
BIO201,3.0,21,TBA,MW,04:20 PM - 05:50 PM,LIB907,30
BIO201,3.0,22,TBA,RA,04:20 PM - 05:50 PM,NTR203,30
BIO201L,3.0,2,MALM,S,11:20 AM - 02:20 PM,SAC414_V,20
BIO201L,3.0,4,MALM,M,08:00 AM - 11:00 AM,SAC414_V,20
BIO201L,3.0,5,MALM,M,11:20 AM - 02:20 PM,SAC414_V,20
BIO201L,3.0,6,MALM,M,02:40 PM - 05:40 PM,SAC414_V,20
BIO201L,3.0,7,MALM,T,08:00 AM - 11:00 AM,SAC414_V,20
BIO201L,3.0,8,MALM,T,11:20 AM - 02:20 PM,SAC414_V,20
BIO201L,3.0,10,MALM,W,08:00 AM - 11:00 AM,SAC414_V,20
BIO201L,3.0,11,MALM,W,11:20 AM - 02:20 PM,SAC414_V,20
BIO201L,3.0,12,MALM,W,02:40 PM - 05:40 PM,SAC414_V,20
BIO201L,3.0,13,PYN,M,08:00 AM - 11:00 AM,SAC414,20
BIO201L,3.0,14,PYN,M,11:20 AM - 02:20 PM,SAC414,20
BIO201L,3.0,15,PYN,M,02:40 PM - 05:40 PM,SAC414,20
BIO201L,3.0,16,PYN,W,11:20 AM - 02:20 PM,SAC414,20
BIO201L,3.0,17,PYN,R,02:40 PM - 05:40 PM,SAC414,20
BIO201L,3.0,18,PYN,R,02:40 PM - 05:40 PM,SAC414_V,20
BIO202,3.0,1,SKK,ST,11:20 AM - 12:50 PM,SAC405,40
BIO202,3.0,2,FHO,MW,08:00 AM - 09:30 AM,SAC405,40
BIO202,3.0,3,AAM4,RA,08:00 AM - 09:30 AM,SAC405,40
BIO202,3.0,4,ATP,RA,11:20 AM - 12:50 PM,SAC403,40
BIO202,3.0,5,ATP,RA,01:00 PM - 02:30 PM,SAC403,40
BIO202,3.0,6,MUQ,RA,02:40 PM - 04:10 PM,SAC405,40
BIO202,3.0,7,MUQ,RA,04:20 PM - 05:50 PM,SAC403,40
BIO202,3.0,8,MTO,ST,09:40 AM - 11:10 AM,SAC206,35
BIO202,3.0,9,FHO,MW,09:40 AM - 11:10 AM,SAC801A,35
BIO202,3.0,10,AAM4,RA,06:00 PM - 07:30 PM,SAC206,35
BIO202,3.0,11,FHA,MW,09:40 AM - 11:10 AM,NTR204,30
BIO202,3.0,12,APZ,RA,08:00 AM - 09:30 AM,NTR203,30
BIO202,3.0,13,LTB,RA,11:20 AM - 12:50 PM,NTR204,30
BIO202,3.0,14,LTB,RA,01:00 PM - 02:30 PM,NTR204,30
BIO202,3.0,15,FHA,MW,02:40 PM - 04:10 PM,NAC513,40
BIO202,3.0,16,MZAR,RA,01:00 PM - 02:30 PM,NAC513,40
BIO202,3.0,17,MSIM,RA,01:00 PM - 02:30 PM,SAC801A,35
BIO202,3.0,18,NIA,RA,02:40 PM - 04:10 PM,SAC801A,35
BIO202,3.0,19,MTO,ST,11:20 AM - 12:50 PM,NAC602,40
BIO202L,3.0,1,FHA,R,09:40 AM - 12:50 PM,SAC413,20
BIO202L,3.0,2,FHA,R,09:40 AM - 12:50 PM,SAC413_V,20
BIO202L,3.0,3,JSJ,W,09:40 AM - 12:50 PM,SAC413,20
BIO202L,3.0,4,NBB,W,09:40 AM - 12:50 PM,SAC413_V,20
BIO202L,3.0,5,AAM4,A,02:40 PM - 05:40 PM,SAC413,20
BIO202L,3.0,6,ATP,A,02:40 PM - 05:40 PM,SAC413_V,20
BIO202L,3.0,7,ATP,R,02:40 PM - 05:40 PM,SAC413_V,20
BIO202L,3.0,8,SKK,T,02:40 PM - 05:40 PM,SAC413,20
BIO202L,3.0,9,SKK,T,02:40 PM - 05:40 PM,SAC413_V,20
BIO202L,3.0,10,JSJ,M,09:40 AM - 12:50 PM,SAC413,20
BIO202L,3.0,11,JSJ,M,09:40 AM - 12:50 PM,SAC413_V,20
BIO202L,3.0,12,AAM4,A,09:40 AM - 12:50 PM,SAC413,20
BIO202L,3.0,13,AAM4,A,09:40 AM - 12:50 PM,SAC413_V,20
BSC201,3.0,1,AK,RA,08:00 AM - 09:30 AM,SAC211,30
BSC201,3.0,2,Rks,RA,02:40 PM - 04:10 PM,NAC313,30
BUS112,3.0,1,Mdt,RA,02:40 PM - 04:10 PM,SAC208,0
BUS112,3.0,2,Mdt,RA,04:20 PM - 05:50 PM,SAC208,0
BUS112,3.0,3,JER,RA,02:40 PM - 04:10 PM,NAC216,1
BUS112,3.0,4,JER,RA,04:20 PM - 05:50 PM,NAC216,0
BUS112,3.0,6,KMz,RA,02:40 PM - 04:10 PM,SAC513,0
BUS112,3.0,7,Hmn,RA,08:00 AM - 09:30 AM,NAC410,0
BUS112,3.0,9,MAIm,RA,08:00 AM - 09:30 AM,NAC216,0
BUS112,3.0,10,MMRh,RA,08:00 AM - 09:30 AM,NAC508,0
BUS112,3.0,11,MMRh,RA,11:20 AM - 12:50 PM,SAC315,0
BUS112,3.0,12,Abs,RA,08:00 AM - 09:30 AM,NAC307,0
BUS112,3.0,13,Abs,RA,09:40 AM - 11:10 AM,NAC307,0
BUS112,3.0,14,MMR5,RA,08:00 AM - 09:30 AM,NAC605,0
BUS112,3.0,15,MMR5,RA,11:20 AM - 12:50 PM,SAC211,0
BUS112,3.0,17,AdS1,RA,08:00 AM - 09:30 AM,NAC313,0
BUS112,3.0,19,ANHS,RA,08:00 AM - 09:30 AM,NAC301,0
BUS112,3.0,20,ANHS,RA,09:40 AM - 11:10 AM,NAC301,0
BUS112,3.0,22,KMz,RA,04:20 PM - 05:50 PM,SAC513,0
BUS112,3.0,23,KSD,RA,08:00 AM - 09:30 AM,SAC204,0
BUS112,3.0,25,AHSR,RA,04:20 PM - 05:50 PM,NAC511,30
BUS112,3.0,26,AHSR,RA,06:00 PM - 07:30 PM,NAC511,30
BUS112,3.0,28,MAHn,ST,06:00 PM - 07:30 PM,NAC313,1
BUS112,3.0,29,RNM,RA,04:20 PM - 05:50 PM,NAC407,0
BUS112,3.0,30,RNM,RA,06:00 PM - 07:30 PM,NAC301,18
BUS112,3.0,32,STRn,RA,04:20 PM - 05:50 PM,SAC315,0
BUS112,3.0,33,STRn,RA,06:00 PM - 07:30 PM,SAC211,20
BUS135,3.0,1,FAS,RA,02:40 PM - 04:10 PM,NAC305,39
BUS135,3.0,2,MPZ,ST,09:40 AM - 11:10 AM,NAC306,34
BUS135,3.0,3,MPZ,ST,11:20 AM - 12:50 PM,NAC308,40
BUS135,3.0,4,BSK,ST,08:00 AM - 09:30 AM,NAC307,40
BUS135,3.0,5,BSK,ST,02:40 PM - 04:10 PM,NAC502,40
BUS135,3.0,6,AZD,RA,08:00 AM - 09:30 AM,NAC205,40
BUS135,3.0,7,Min,RA,02:40 PM - 04:10 PM,NAC308,40
BUS135,3.0,8,Sqm,RA,11:20 AM - 12:50 PM,NAC306,35
BUS135,3.0,9,MJA1,RA,08:00 AM - 09:30 AM,NAC210,40
BUS135,3.0,10,LRn,RA,08:00 AM - 09:30 AM,NAC306,35
BUS135,3.0,11,LRn,RA,11:20 AM - 12:50 PM,NAC308,40
BUS135,3.0,12,MSA3,RA,04:20 PM - 05:50 PM,NAC306,35
BUS135,3.0,13,MSA3,RA,06:00 PM - 07:30 PM,NAC306,35
BUS135,3.0,14,MLtR,RA,02:40 PM - 04:10 PM,NAC502,40
BUS135,3.0,15,MNRD,RA,08:00 AM - 09:30 AM,NAC308,40
BUS135,3.0,16,PKK,ST,06:00 PM - 07:30 PM,NAC209,40
BUS135,3.0,17,MWHb,ST,08:00 AM - 09:30 AM,NAC308,40
BUS135,3.0,18,SAJ,RA,01:00 PM - 02:30 PM,NAC306,35
BUS135,3.0,19,TBA,RA,02:40 PM - 04:10 PM,NAC306,35
BUS135,3.0,21,SZL,RA,04:20 PM - 05:50 PM,NAC502,40
BUS135,3.0,23,TBA,RA,09:40 AM - 11:10 AM,NAC501,40
BUS135,3.0,24,AcD,MW,06:00 PM - 07:30 PM,NAC308,40
BUS172,3.0,1,RUE,ST,09:40 AM - 11:10 AM,NAC204,32
BUS172,3.0,2,RUE,ST,02:40 PM - 04:10 PM,NAC205,40
BUS172,3.0,3,MPZ,MW,09:40 AM - 11:10 AM,NAC216,40
BUS172,3.0,4,TBA,MW,01:00 PM - 02:30 PM,NAC216,40
BUS172,3.0,5,TBA,MW,02:40 PM - 04:10 PM,NAC301,38
BUS172,3.0,6,MPZ,MW,11:20 AM - 12:50 PM,NAC305,38
BUS172,3.0,7,MHM,ST,08:00 AM - 09:30 AM,NAC210,39
BUS172,3.0,8,MHM,ST,09:40 AM - 11:10 AM,NAC502,40
BUS172,3.0,9,AZD,RA,11:20 AM - 12:50 PM,NAC305,39
BUS172,3.0,10,Min,RA,06:00 PM - 07:30 PM,NAC209,40
BUS172,3.0,11,Sqm,RA,02:40 PM - 04:10 PM,NAC404,40
BUS172,3.0,12,MJA1,RA,11:20 AM - 12:50 PM,NAC204,34
BUS172,3.0,13,Hdo,RA,08:00 AM - 09:30 AM,NAC305,40
BUS172,3.0,14,Hdo,RA,01:00 PM - 02:30 PM,NAC210,40
BUS172,3.0,15,JHK,RA,08:00 AM - 09:30 AM,NAC204,35
BUS172,3.0,16,IAM,RA,09:40 AM - 11:10 AM,NAC308,40
BUS172,3.0,17,ADS1,RA,11:20 AM - 12:50 PM,NAC404,40
BUS172,3.0,18,MYH,RA,04:20 PM - 05:50 PM,NAC404,40
BUS172,3.0,19,MYH,RA,06:00 PM - 07:30 PM,NAC308,40
BUS172,3.0,20,OMG,RA,09:40 AM - 11:10 AM,NAC404,40
BUS172,3.0,21,MHK3,MW,06:00 PM - 07:30 PM,NAC209,40
BUS172,3.0,22,MdMm,RA,01:00 PM - 02:30 PM,NAC204,35
BUS172,3.0,23,MdMm,RA,04:20 PM - 05:50 PM,NAC501,40
BUS172,3.0,24,MJS,RA,09:40 AM - 11:10 AM,NAC204,35
BUS172,3.0,25,MJS,RA,01:00 PM - 02:30 PM,NAC501,40
BUS172,3.0,26,MLtR,RA,06:00 PM - 07:30 PM,NAC404,40
BUS172,3.0,27,MMs1,RA,11:20 AM - 12:50 PM,NAC504,45
BUS172,3.0,28,SRCy,RA,08:00 AM - 09:30 AM,NAC404,40
BUS172,3.0,29,MdRH,RA,08:00 AM - 09:30 AM,NAC501,40
BUS172,3.0,30,MKz,RA,09:40 AM - 11:10 AM,NAC306,35
BUS172,3.0,31,MWHb,MW,08:00 AM - 09:30 AM,NAC204,35
BUS172,3.0,32,PKK,MW,04:20 PM - 05:50 PM,NAC308,40
BUS172,3.0,33,TBA,RA,04:20 PM - 05:50 PM,NAC308,40
BUS172,3.0,35,MHSN,ST,04:20 PM - 05:50 PM,NAC308,40
BUS172,3.0,38,MSIF,RA,08:00 AM - 09:30 AM,NAC504,45
BUS172,3.0,39,MSIF,RA,11:20 AM - 12:50 PM,NAC502,40
BUS172,3.0,41,KMS2,ST,08:00 AM - 09:30 AM,NAC306,35
BUS172,3.0,42,RAR,RA,09:40 AM - 11:10 AM,NAC504,45
BUS172,3.0,43,RSj,MW,04:20 PM - 05:50 PM,NTR301,40
BUS172,3.0,44,Mof,ST,04:20 PM - 05:50 PM,NAC216,40
BUS172,3.0,45,RsA,MW,04:20 PM - 05:50 PM,NAC306,35
BUS172,3.0,46,RsA,ST,04:20 PM - 05:50 PM,NAC619,45
BUS173,3.0,2,JAH,MW,08:00 AM - 09:30 AM,NTR202,40
BUS173,3.0,3,TBA,ST,01:00 PM - 02:30 PM,NAC210,39
BUS173,3.0,4,MHM,MW,08:00 AM - 09:30 AM,NAC305,40
BUS173,3.0,5,MHM,MW,09:40 AM - 11:10 AM,NAC306,35
BUS173,3.0,6,BSK,MW,08:00 AM - 09:30 AM,NAC308,40
BUS173,3.0,7,MMs1,RA,02:40 PM - 04:10 PM,NAC504,45
BUS173,3.0,8,MMtn,RA,09:40 AM - 11:10 AM,NAC210,40
BUS173,3.0,9,MMtn,RA,01:00 PM - 02:30 PM,NAC205,40
BUS173,3.0,10,JHK,RA,09:40 AM - 11:10 AM,NAC305,40
BUS173,3.0,11,IAM,RA,01:00 PM - 02:30 PM,NAC404,40
BUS173,3.0,12,MAU3,RA,08:00 AM - 09:30 AM,NAC502,40
BUS173,3.0,13,RUE,MW,02:40 PM - 04:10 PM,NAC502,40
BUS173,3.0,14,RUE,MW,09:40 AM - 11:10 AM,NTR301,40
BUS173,3.0,15,RSj,ST,08:00 AM - 09:30 AM,NAC504,45
BUS173,3.0,16,RSj,ST,09:40 AM - 11:10 AM,NTR302,40
BUS173,3.0,17,RSj,MW,01:00 PM - 02:30 PM,NAC306,35
BUS173,3.0,18,GrG,MW,09:40 AM - 11:10 AM,NAC415,80
BUS173,3.0,19,MKz,RA,01:00 PM - 02:30 PM,NAC503,40
BUS173,3.0,20,MHSN,ST,06:00 PM - 07:30 PM,NAC309,40
BUS173,3.0,21,MdRH,RA,09:40 AM - 11:10 AM,NAC502,40
BUS173,3.0,22,GrG,MW,11:20 AM - 12:50 PM,NAC1078,40
BUS251,3.0,1,UHM,ST,04:20 PM - 05:50 PM,NAC507,45
BUS251,3.0,2,ZbR,ST,02:40 PM - 04:10 PM,NAC204,35
BUS251,3.0,3,ZbR,MW,04:20 PM - 05:50 PM,NAC204,35
BUS251,3.0,4,Sqt,MW,11:20 AM - 12:50 PM,NAC404,40
BUS251,3.0,5,Sqt,MW,01:00 PM - 02:30 PM,NAC305,40
BUS251,3.0,6,UHM,MW,04:20 PM - 05:50 PM,NAC604,45
BUS251,3.0,7,HMM1,MW,04:20 PM - 05:50 PM,NAC404,40
BUS251,3.0,8,HMM1,MW,06:00 PM - 07:30 PM,NAC404,40
BUS251,3.0,9,TYA,ST,08:00 AM - 09:30 AM,NAC305,40
BUS251,3.0,10,TYA,ST,09:40 AM - 11:10 AM,NAC504,45
BUS251,3.0,11,MIr1,ST,08:00 AM - 09:30 AM,NAC404,40
BUS251,3.0,12,ZbR,MW,06:00 PM - 07:30 PM,NAC306,35
BUS251,3.0,13,AmTr,ST,06:00 PM - 07:30 PM,NAC308,40
BUS251,3.0,15,AmTr,ST,01:00 PM - 02:30 PM,NAC209,40
BUS251,3.0,16,AmTr,ST,04:20 PM - 05:50 PM,NAC306,35
BUS251,3.0,17,TuA,ST,08:00 AM - 09:30 AM,NAC511,40
BUS251,3.0,18,TuA,ST,09:40 AM - 11:10 AM,NAC619,45
BUS251,3.0,19,LkK,ST,04:20 PM - 05:50 PM,SAC314,45
BUS251,3.0,20,LkK,MW,04:20 PM - 05:50 PM,NAC507,45
BUS251,3.0,21,SYI,ST,02:40 PM - 04:10 PM,NAC1078,40
BUS498,3.0,1,TBA,,TBA,TBA,599
BUS499,3.0,1,TBA,,TBA,TBA,25
BUS500/EMB500,3.0,1,TBA,R,07:00 PM - 10:10 PM,NAC992,30
BUS500/EMB500,3.0,2,IAD,A,07:00 PM - 10:10 PM,NAC992,30
BUS501,3.0,1,Mot,S,07:00 PM - 10:10 PM,NAC604,30
BUS501,3.0,2,Kmz,R,07:00 PM - 10:10 PM,NAC512,30
BUS501,3.0,3,Mde,W,07:00 PM - 10:10 PM,NAC512,30
BUS501,3.0,4,OMG,A,07:00 PM - 10:10 PM,NAC504,30
BUS501,3.0,5,MHK3,T,07:00 PM - 10:10 PM,NAC505,30
BUS505,3.0,1,AYI,W,07:00 PM - 10:10 PM,NAC510,30
BUS505,3.0,2,FjM,M,07:00 PM - 10:10 PM,NAC513,30
BUS505,3.0,3,MdMZ,R,07:00 PM - 10:10 PM,NAC502,30
BUS505,3.0,4,GHK,F,07:00 PM - 10:10 PM,NAC512,30
BUS505,3.0,5,MIBS,S,07:00 PM - 10:10 PM,NAC605,30
BUS511,3.0,2,RUE,R,07:00 PM - 10:10 PM,NAC601,30
BUS511,3.0,3,TBA,W,07:00 PM - 10:10 PM,NAC513,30
BUS511,3.0,4,AbSA,T,07:00 PM - 10:10 PM,NAC993,30
BUS511,3.0,5,Kzn,A,07:00 PM - 10:10 PM,NAC502,30
BUS511,3.0,6,TMY,S,07:00 PM - 10:10 PM,NAC993,30
BUS516,3.0,1,UTH,A,03:00 PM - 06:30 PM,NAC991,30
BUS516,3.0,2,ZkJ,W,03:00 PM - 06:30 PM,NAC991,30
BUS516,3.0,3,ABKr,S,07:00 PM - 10:10 PM,NAC512,30
BUS516,3.0,4,MARn,R,07:00 PM - 10:10 PM,NAC990,30
BUS518,3.0,1,NMA,S,07:00 PM - 10:10 PM,NAC991,30
BUS518,3.0,2,NMA,M,07:00 PM - 10:10 PM,NAC991,30
BUS518,3.0,3,Zmn,F,07:00 PM - 10:10 PM,NAC504,30
BUS518,3.0,4,Zmn,T,07:00 PM - 10:10 PM,NAC504,30
BUS520,3.0,1,MdS,W,03:00 PM - 06:30 PM,NAC990,30
BUS520,3.0,2,MdS,A,03:00 PM - 06:30 PM,NAC990,30
BUS520,3.0,3,KsM,S,07:00 PM - 10:10 PM,NAC601,30
BUS520,3.0,4,SDHN,W,07:00 PM - 10:10 PM,NAC601,30
BUS520,3.0,5,ZMU,M,07:00 PM - 10:10 PM,NAC621,30
BUS520,3.0,6,TBA,T,07:00 PM - 10:10 PM,NAC604,30
BUS525,3.0,1,Tmr,M,07:00 PM - 10:10 PM,NAC603,30
BUS525,3.0,2,SBn,W,07:00 PM - 10:10 PM,NAC619,30
BUS525,3.0,3,KMZ2,T,07:00 PM - 10:10 PM,NAC507,30
BUS525,3.0,4,SAF1,R,07:00 PM - 10:10 PM,NAC619,30
BUS525,3.0,5,MAU3,A,07:00 PM - 10:10 PM,NAC513,30
BUS530,3.0,1,Tmr,T,07:00 PM - 10:10 PM,NAC603,30
BUS530,3.0,2,Sbn,M,07:00 PM - 10:10 PM,NAC605,30
BUS530,3.0,3,MHMN,A,03:00 PM - 06:30 PM,NAC992,30
BUS530,3.0,4,MCW,S,07:00 PM - 10:10 PM,NAC621,30
BUS530,3.0,5,ZB,R,07:00 PM - 10:10 PM,NAC514,30
BUS535,3.0,1,ABSH,A,03:00 PM - 06:30 PM,NAC993,30
BUS535,3.0,2,DSr,M,07:00 PM - 10:10 PM,NAC620,30
BUS535,3.0,3,ZkJ,A,07:00 PM - 10:10 PM,NAC514,30
BUS535,3.0,4,MNE,T,07:00 PM - 10:10 PM,NAC620,30
BUS535,3.0,5,MTDI,R,07:00 PM - 10:10 PM,NTR302,30
BUS601,3.0,1,KsM,T,03:00 PM - 06:30 PM,NAC992,30
BUS601,3.0,2,KsM,T,07:00 PM - 10:10 PM,NAC601,30
BUS601,3.0,3,Alm,M,07:00 PM - 10:10 PM,NAC992,30
BUS601,3.0,4,Alm,W,07:00 PM - 10:10 PM,NAC992,30
BUS601,3.0,5,SRCy,F,07:00 PM - 10:10 PM,NAC992,30
BUS620,3.0,1,RDA,T,07:00 PM - 10:10 PM,NAC512A,30
BUS620,3.0,2,MHHS,M,07:00 PM - 10:10 PM,NAC604,30
BUS620,3.0,3,MNE,S,07:00 PM - 10:10 PM,NAC513,30
BUS620,3.0,4,MHHS,T,07:00 PM - 10:10 PM,NAC512,30
BUS620,3.0,5,MM1,F,09:00 AM - 12:30 PM,NAC601,30
BUS620,3.0,6,MNE,W,07:00 PM - 10:10 PM,NAC603,30
BUS635,3.0,1,SHNM,S,07:00 PM - 10:10 PM,NAC603,30
BUS635,3.0,2,Rma,M,07:00 PM - 10:10 PM,NAC619A,30
BUS635,3.0,3,MHMN,A,07:00 PM - 10:10 PM,NAC501,30
BUS635,3.0,4,TNK,R,07:00 PM - 10:10 PM,NAC513,30
BUS635,3.0,5,Rma,W,07:00 PM - 10:10 PM,NAC619A,30
BUS650,3.0,1,ZTM,S,07:00 PM - 10:10 PM,NAC992,30
BUS650,3.0,2,ZTM,M,07:00 PM - 10:10 PM,NAC514,30
BUS650,3.0,3,SNO,W,07:00 PM - 10:10 PM,NAC993,30
BUS650,3.0,4,FAS,A,07:00 PM - 10:10 PM,NAC603,30
BUS685,3.0,1,MeI,S,07:00 PM - 10:10 PM,NAC602,30
BUS685,3.0,2,MeI,T,07:00 PM - 10:10 PM,NAC621,30
BUS685,3.0,3,TMU,M,07:00 PM - 10:10 PM,NAC993,30
BUS685,3.0,4,ZMU,W,07:00 PM - 10:10 PM,NAC621,30
BUS690,3.0,1,MdS,S,07:00 PM - 10:10 PM,NAC990,30
BUS690,3.0,2,MdS,W,07:00 PM - 10:10 PM,NAC990,30
BUS690,3.0,3,NZQ,M,07:00 PM - 10:10 PM,NAC602,30
BUS690,3.0,4,ZMU,A,07:00 PM - 10:10 PM,NAC621,30
BUS698,3.0,1,TBA,,TBA,TBA,45
BUS698,3.0,2,TBA,,TBA,TBA,45
BUS698,3.0,3,TBA,,TBA,TBA,45
BUS698,3.0,4,TBA,,TBA,TBA,45
BUS698,3.0,5,TBA,,TBA,TBA,45
BUS699,3.0,1,TBA,,TBA,TBA,45
BUS699,3.0,2,TBA,,TBA,TBA,45
BUS699,3.0,3,TBA,,TBA,TBA,45
BUS699,3.0,4,TBA,,TBA,TBA,45
BUS700,3.0,1,MKR2,F,07:00 PM - 10:10 PM,NAC515,30
CE6000,3.0,1,Sji,,TBA,TBA,45
CE6000A,3.0,1,Sji,,TBA,TBA,45
CE6000A,3.0,2,Jbr,,TBA,TBA,45
CE6000B,3.0,1,Sji,,TBA,TBA,45
CE6000C,3.0,1,Sji,,TBA,TBA,45
CE6001A,3.0,1,Sji,,TBA,TBA,45
CE6103,3.0,1,JIS,F,09:00 AM - 12:00 PM,SAC316,35
CE6204,3.0,1,NMSN,T,07:00 PM - 10:10 PM,SAC313,40
CE6512,3.0,1,Sbc,A,07:00 PM - 10:10 PM,SAC313,40
CE6513,3.0,1,Sbc,R,07:00 PM - 10:10 PM,SAC313,40
CEE100,3.0,1,SRl,ST,02:40 PM - 04:10 PM,SAC311,2
CEE100,3.0,2,SRL,ST,04:20 PM - 05:50 PM,SAC313,21
CEE100,3.0,3,HASw,RA,04:20 PM - 05:50 PM,SAC313,24
CEE100,3.0,4,HASw,MW,08:00 AM - 09:30 AM,SAC304,3
CEE110,3.0,1,Nzu,R,01:00 PM - 04:00 PM,NTR201,6
CEE110,3.0,2,Sjd,M,08:00 AM - 11:00 AM,NTR201,21
CEE110,3.0,3,SJD,W,08:00 AM - 11:10 AM,NTR201,21
CEE110,3.0,4,SIU,S,02:40 PM - 05:50 PM,NTR201,21
CEE110,3.0,5,AMW,R,09:40 AM - 12:50 PM,NTR201,21
CEE110,3.0,6,TTA,S,08:00 AM - 11:10 AM,NTR201,21
CEE110,3.0,7,AIKN,M,02:40 PM - 05:50 PM,NTR201,21
CEE209,3.0,1,Seq,ST,09:40 AM - 11:10 AM,SAC304,40
CEE209,3.0,2,Seq,ST,11:20 AM - 12:50 PM,SAC204,35
CEE209,3.0,3,Seq,MW,09:40 AM - 11:10 AM,SAC311,40
CEE209,3.0,4,SAKM,RA,11:20 AM - 12:50 PM,SAC313,40
CEE209,3.0,5,SAKM,MW,04:20 PM - 05:50 PM,SAC309,35
CEE210,3.0,1,NMSN,ST,02:40 PM - 04:10 PM,NAC216,40
CEE210,3.0,2,NMSN,ST,04:20 PM - 05:50 PM,SAC304,40
CEE210,3.0,3,TTA,RA,09:40 AM - 11:10 AM,SAC304,40
CEE210,3.0,4,TTA,RA,11:20 AM - 12:50 PM,SAC304,40
CEE210,3.0,5,TTA,RA,01:00 PM - 02:30 PM,SAC304,40
CEE211,3.0,1,Nmr,ST,09:40 AM - 11:10 AM,SAC311,40
CEE211,3.0,2,Nmr,ST,11:20 AM - 12:50 PM,SAC311,40
CEE211,3.0,3,AIKN,RA,01:00 PM - 02:30 PM,SAC313,40
CEE211,3.0,4,AIKN,RA,02:40 PM - 04:10 PM,SAC313,40
CEE211L,3.0,1,Nmr,R,09:40 AM - 12:50 PM,B118,25
CEE211L,3.0,2,Nmr,R,01:00 PM - 04:00 PM,B118,25
CEE211L,3.0,3,AIKN,T,11:20 AM - 02:30 PM,B118,25
CEE212,3.0,1,SAKM,RA,09:40 AM - 11:10 AM,SAC313,40
CEE212,3.0,2,SAKM,MW,02:40 PM - 04:10 PM,SAC204,35
CEE212L,3.0,1,TMY,S,09:40 AM - 12:50 PM,B310A,25
CEE212L,3.0,2,TMY,T,09:40 AM - 12:50 PM,B310A,25
CEE212L,3.0,3,TMY,W,09:40 AM - 12:50 PM,B310A,25
CEE213,3.0,1,AIKN,RA,09:40 AM - 11:10 AM,SAC801A,35
CEE213,3.0,2,AIKN,ST,09:40 AM - 11:10 AM,NAC604,40
CEE213,3.0,3,SLW,RA,02:40 PM - 04:10 PM,SAC304,40
CEE213,3.0,4,SLW,RA,04:20 PM - 05:50 PM,SAC304,40
CEE213L,3.0,1,MIF,S,11:20 AM - 02:30 PM,SAC724,25
CEE213L,3.0,2,MIF,S,02:40 PM - 05:50 PM,SAC724,25
CEE213L,3.0,3,MIF,T,11:20 AM - 02:30 PM,SAC724,25
CEE213L,3.0,4,MIF,T,02:40 PM - 05:50 PM,SAC724,25
CEE213L,3.0,5,MIF,R,09:40 AM - 12:50 PM,SAC724,25
CEE213L,3.0,6,MIF,R,02:40 PM - 05:50 PM,SAC724,25
CEE214,3.0,1,NMSN,MW,02:40 PM - 04:10 PM,SAC313,40
CEE214,3.0,2,NMSN,MW,04:20 PM - 05:50 PM,SAC313,40
CEE214L,3.0,1,NMSN,S,11:20 AM - 02:30 PM,B113,25
CEE214L,3.0,2,NMSN,M,11:20 AM - 02:30 PM,B113,25
CEE214L,3.0,3,NMSN,W,11:20 AM - 02:30 PM,B113,25
CEE214L,3.0,4,MFQ,W,02:40 PM - 05:50 PM,B113,25
CEE215,3.0,1,NEM,ST,11:20 AM - 12:50 PM,NTR201,35
CEE215,3.0,2,TMY,ST,01:00 PM - 02:30 PM,NTR201,35
CEE215,3.0,3,TMY,MW,02:40 PM - 04:10 PM,NTR201,35
CEE240,3.0,1,MMS4,ST,01:00 PM - 02:30 PM,NAC216,40
CEE240,3.0,2,MMS4,ST,02:40 PM - 04:10 PM,SAC513,40
CEE240L,3.0,1,MMS4,M,02:40 PM - 05:50 PM,B117,25
CEE240L,3.0,2,MMS4,T,09:40 AM - 12:50 PM,B117,25
CEE240L,3.0,3,MMS4,W,02:40 PM - 05:50 PM,B117,25
CEE240L,3.0,4,MMS4,R,09:40 AM - 12:50 PM,B117,25
CEE240L,3.0,5,MMS4,R,02:40 PM - 05:50 PM,B117,25
CEE250,3.0,1,Jbr,ST,11:20 AM - 12:50 PM,SAC304,35
CEE250,3.0,2,Jbr,ST,02:40 PM - 04:10 PM,SAC304,35
CEE250,3.0,3,DNS,A,02:40 PM - 05:50 PM,NTR201,35
CEE250L,3.0,1,TTA,S,11:20 AM - 02:30 PM,B115,25
CEE250L,3.0,2,TTA,S,02:40 PM - 05:50 PM,B115,25
CEE250L,3.0,3,TTA,M,09:40 AM - 12:50 PM,B115,25
CEE260,3.0,1,Sji,ST,11:20 AM - 12:50 PM,SAC313,40
CEE260,3.0,2,Sji,ST,01:00 PM - 02:30 PM,SAC313,40
CEE271L,3.0,1,YKB,S,02:40 PM - 05:50 PM,B113,25
CEE271L,3.0,2,YKB,T,02:40 PM - 05:50 PM,B115,25
CEE271L,3.0,3,YKB,M,11:20 AM - 02:30 PM,B117,25
CEE271L,3.0,4,YKB,W,11:20 AM - 02:30 PM,B117,25
CEE271L,3.0,5,YKB,R,08:00 AM - 11:10 AM,B115,25
CEE310,3.0,1,AMW,MW,04:20 PM - 05:50 PM,NAC208,40
CEE330,3.0,1,Mfq,ST,11:20 AM - 12:50 PM,SAC513,35
CEE330,3.0,2,Mfq,ST,02:40 PM - 04:10 PM,NAC508,35
CEE330,3.0,3,MIK,RA,04:20 PM - 05:50 PM,SAC207,35
CEE330,3.0,4,TBA,ST,04:20 PM - 05:50 PM,SAC513,0
CEE330L,3.0,1,Nzu,M,11:20 AM - 02:30 PM,NTR201,25
CEE330L,3.0,2,Nzu,W,11:20 AM - 02:30 PM,NTR201,25
CEE331,3.0,1,TMY,ST,02:40 PM - 04:10 PM,SAC204,35
CEE335,3.0,1,Nzu,ST,02:40 PM - 04:10 PM,OAT602,80
CEE335L,3.0,1,Mfq,R,09:40 AM - 12:50 PM,LIB601,25
CEE335L,3.0,2,Mfq,R,01:00 PM - 04:00 PM,LAB1,25
CEE340,3.0,1,MMS4,MW,09:40 AM - 11:10 AM,NAC992,40
CEE340,3.0,2,MMS4,MW,01:00 PM - 02:30 PM,SAC313,40
CEE350,3.0,1,TBA,ST,08:00 AM - 09:30 AM,SAC313,40
CEE350,3.0,2,TBA,ST,09:40 AM - 11:10 AM,SAC313,40
CEE360,3.0,1,Sji,MW,11:20 AM - 12:50 PM,SAC304,40
CEE360,3.0,2,Sji,MW,01:00 PM - 02:30 PM,SAC304,40
CEE360L,3.0,1,AMW,M,08:00 AM - 11:10 AM,B118,25
CEE360L,3.0,2,AMW,M,11:20 AM - 02:30 PM,B118,25
CEE360L,3.0,3,AMW,W,11:20 AM - 02:30 PM,B118,25
CEE370,3.0,1,NEM,ST,09:40 AM - 11:10 AM,SAC513,40
CEE370,3.0,2,NEM,MW,09:40 AM - 11:10 AM,SAC304,40
CEE371L,3.0,1,AMW,R,01:00 PM - 04:00 PM,B115,25
CEE373,3.0,1,AMW,MW,02:40 PM - 04:10 PM,SAC304,40
CEE415,3.0,1,Sbc,ST,02:40 PM - 04:10 PM,SAC313,33
CEE430,3.0,1,Jis,RA,04:20 PM - 05:50 PM,SAC801A,35
CEE431,3.0,1,TMY,MW,01:00 PM - 02:30 PM,SAC204,35
CEE452,3.0,1,Jbr,ST,01:00 PM - 02:30 PM,SAC304,33
CEE460,3.0,1,Nmr,MW,09:40 AM - 11:10 AM,SAC313,35
CEE460,3.0,2,Nmr,MW,11:20 AM - 12:50 PM,SAC313,35
CEE470,3.0,2,Seq,MW,11:20 AM - 12:50 PM,SAC311,40
CEE472,3.0,1,Sji,MW,04:20 PM - 05:50 PM,SAC304,40
CEE492,3.0,1,Sji,,TBA,TBA,5
CEE492,3.0,2,Jbr,,TBA,TBA,10
CEE492,3.0,3,Nzu,,TBA,TBA,0
CEE492,3.0,4,Nmr,,TBA,TBA,0
CEE492,3.0,5,Sbc,,TBA,TBA,0
CEE492,3.0,6,Nem,,TBA,TBA,0
CEE492,3.0,8,MMS4,,TBA,TBA,0
CEE492,3.0,9,Mfq,,TBA,TBA,0
CEE492,3.0,10,TMY,,TBA,TBA,0
CEE492,3.0,11,NMSN,,TBA,TBA,0
CEE492,3.0,12,AMW,,TBA,TBA,0
CEE492,3.0,13,SAKM,,TBA,TBA,0
CEE498,3.0,1,Sji,,TBA,TBA,5
CEE498,3.0,2,Jbr,,TBA,TBA,0
CEE498,3.0,3,Nzu,,TBA,TBA,20
CEE498,3.0,4,Nmr,,TBA,TBA,0
CEE498,3.0,5,Sbc,,TBA,TBA,0
CEE498,3.0,6,Nem,,TBA,TBA,0
CEE498,3.0,8,MMS4,,TBA,TBA,0
CEE498,3.0,9,Mfq,,TBA,TBA,10
CEE498,3.0,10,TMY,,TBA,TBA,0
CEE498,3.0,11,NMSN,,TBA,TBA,0
CEE498,3.0,12,AMW,,TBA,TBA,0
CEE498,3.0,13,SAKM,,TBA,TBA,0
CEE499A,3.0,1,Sji,,TBA,TBA,10
CEE499A,3.0,2,Jbr,,TBA,TBA,0
CEE499A,3.0,3,Nzu,,TBA,TBA,18
CEE499A,3.0,4,Nmr,,TBA,TBA,0
CEE499A,3.0,5,Sbc,,TBA,TBA,0
CEE499A,3.0,6,Nem,,TBA,TBA,0
CEE499A,3.0,7,SEq,,TBA,TBA,0
CEE499A,3.0,8,MMS4,,TBA,TBA,0
CEE499A,3.0,9,Mfq,,TBA,TBA,5
CEE499A,3.0,10,TMY,,TBA,TBA,0
CEE499A,3.0,11,NMSN,,TBA,TBA,0
CEE499A,3.0,12,AMW,,TBA,TBA,0
CEE499A,3.0,13,SAKM,,TBA,TBA,0
CEE499A,3.0,14,TTA,,TBA,TBA,0
CEE499A,3.0,15,AIKN,,TBA,TBA,0
CEE499B,3.0,1,Sji,,TBA,TBA,5
CEE499B,3.0,2,Jbr,,TBA,TBA,11
CEE499B,3.0,3,Nzu,,TBA,TBA,14
CEE499B,3.0,4,Nmr,,TBA,TBA,0
CEE499B,3.0,5,Sbc,,TBA,TBA,0
CEE499B,3.0,6,Nem,,TBA,TBA,0
CEE499B,3.0,7,SEq,,TBA,TBA,0
CEE499B,3.0,8,MMS4,,TBA,TBA,0
CEE499B,3.0,9,Mfq,,TBA,TBA,0
CEE499B,3.0,10,TMY,,TBA,TBA,0
CEE499B,3.0,11,NMSN,,TBA,TBA,0
CEE499B,3.0,12,AMW,,TBA,TBA,0
CEE499B,3.0,13,SAKM,,TBA,TBA,0
CEE499B,3.0,14,TTA,,TBA,TBA,0
CEE499B,3.0,15,AIKN,,TBA,TBA,0
CEE499C,3.0,1,Sji,,TBA,TBA,5
CEE499C,3.0,2,Jbr,,TBA,TBA,0
CEE499C,3.0,3,Nzu,,TBA,TBA,14
CEE499C,3.0,4,Nmr,,TBA,TBA,0
CEE499C,3.0,5,Sbc,,TBA,TBA,0
CEE499C,3.0,6,Nem,,TBA,TBA,0
CEE499C,3.0,7,SEq,,TBA,TBA,0
CEE499C,3.0,8,MMS4,,TBA,TBA,0
CEE499C,3.0,9,Mfq,,TBA,TBA,0
CEE499C,3.0,10,TMY,,TBA,TBA,0
CEE499C,3.0,11,NMSN,,TBA,TBA,0
CEE499C,3.0,12,AMW,,TBA,TBA,0
CEE499C,3.0,13,SAKM,,TBA,TBA,0
CEE499C,3.0,14,TTA,,TBA,TBA,0
CEE499C,3.0,15,AIKN,,TBA,TBA,0
CHE101,3.0,1,TBA,ST,04:20 PM - 05:50 PM,SAC401,0
CHE101,3.0,2,MBE,MW,08:00 AM - 09:30 AM,SAC402,32
CHE101,3.0,3,SZF,MW,01:00 PM - 02:30 PM,NTR203,23
CHE101,3.0,4,ACN,MW,04:20 PM - 05:50 PM,NTR203,28
CHE101,3.0,11,SOH,ST,04:20 PM - 05:50 PM,OAT601,76
CHE101,3.0,13,ABI,RA,08:00 AM - 09:30 AM,OAT601,78
CHE101,3.0,14,MABA,RA,08:00 AM - 09:30 AM,OAT602,80
CHE101,3.0,15,TBA,RA,08:00 AM - 09:30 AM,SAC401,0
CHE101,3.0,16,MAZM,RA,08:00 AM - 09:30 AM,SAC406,37
CHE101,3.0,17,ABI,RA,09:40 AM - 11:10 AM,OAT602,78
CHE101,3.0,18,AYS,RA,11:20 AM - 12:50 PM,OAT601,1
CHE101,3.0,19,MABA,RA,11:20 AM - 12:50 PM,OAT602,75
CHE101,3.0,20,PYN,RA,11:20 AM - 12:50 PM,SAC402,1
CHE101,3.0,21,TBA,RA,11:20 AM - 12:50 PM,SAC406,0
CHE101,3.0,22,SZF,RA,01:00 PM - 02:30 PM,SAC404,39
CHE101,3.0,23,TBA,RA,01:00 PM - 02:30 PM,OAT601,0
CHE101,3.0,24,SNHT,RA,01:00 PM - 02:30 PM,OAT602,37
CHE101,3.0,25,SNHT,RA,02:40 PM - 04:10 PM,OAT601,77
CHE101,3.0,26,MRKL,RA,04:20 PM - 05:50 PM,OAT601,79
CHE101,3.0,27,SMD1,ST,08:00 AM - 09:30 AM,NTR203,29
CHE101,3.0,28,NKA,MW,04:20 PM - 05:50 PM,SAC401,34
CHE101,3.0,29,NKA,MW,06:00 PM - 07:30 PM,NTR203,20
CHE101,3.0,30,MAZM,RA,11:20 AM - 12:50 PM,SAC401,35
CHE101,3.0,31,MASM,RA,01:00 PM - 02:30 PM,SAC406,40
CHE101,3.0,32,SQU,RA,02:40 PM - 04:10 PM,NTR203,30
CHE101,3.0,33,MTN2,RA,02:40 PM - 04:10 PM,SAC401,35
CHE101,3.0,34,MASM,RA,02:40 PM - 04:10 PM,SAC402,40
CHE101,3.0,35,SQU,RA,04:20 PM - 05:50 PM,SAC401,35
CHE101,3.0,36,MTN2,RA,04:20 PM - 05:50 PM,SAC402,40
CHE101,3.0,37,MMR3,RA,04:20 PM - 05:50 PM,SAC404,40
CHE101,3.0,38,TBA,RA,04:20 PM - 05:50 PM,SAC406,0
CHE101,3.0,39,SMD1,ST,09:40 AM - 11:10 AM,LIB907,0
CHE101,3.0,40,ACN,ST,11:20 AM - 12:50 PM,NTR204,4
CHE101,3.0,41,ACN,ST,01:00 PM - 02:30 PM,NAC211,38
CHE101,3.0,42,SOH,ST,02:40 PM - 04:10 PM,LIB907,13
CHE101,3.0,43,MRKL,ST,04:20 PM - 05:50 PM,LIB907,30
CHE101,3.0,44,FZD,ST,04:20 PM - 05:50 PM,NAC214,34
CHE101,3.0,45,TBA,ST,02:40 PM - 04:10 PM,NAC214,0
CHE101,3.0,46,TBA,ST,04:20 PM - 05:50 PM,NAC509,0
CHE101,3.0,47,TBA,RA,11:20 AM - 12:50 PM,NTR203,0
CHE101,3.0,48,TBA,RA,01:00 PM - 02:30 PM,SAC401,0
CHE101,3.0,49,TBA,RA,01:00 PM - 02:30 PM,NTR203,0
CHE101,3.0,50,MKR,MW,08:00 AM - 09:30 AM,NAC415,80
CHE101,3.0,51,MBE,MW,09:40 AM - 11:10 AM,NAC211,51
CHE101,3.0,52,MKR,MW,09:40 AM - 11:10 AM,NAC311,8
CHE101,3.0,53,TBA,MW,04:20 PM - 05:50 PM,NAC214,0
CHE101,3.0,55,LIZN,ST,08:00 AM - 09:30 AM,SAC305,5
CHE101,3.0,56,LIZN,ST,09:40 AM - 11:10 AM,SAC312,0
CHE101,3.0,57,LIZN,MW,08:00 AM - 09:30 AM,SAC312,10
CHE101,3.0,58,FZD,MW,06:00 PM - 07:30 PM,LAB3,40
CHE101L,3.0,1,MH1,M,11:20 AM - 02:20 PM,SAC409,10
CHE101L,3.0,2,MH1,M,11:20 AM - 02:20 PM,SAC409_V,10
CHE101L,3.0,3,MH1,M,02:40 PM - 05:40 PM,SAC409,10
CHE101L,3.0,4,MH1,M,02:40 PM - 05:40 PM,SAC409_V,10
CHE101L,3.0,5,MH1,T,11:20 AM - 02:20 PM,SAC409,10
CHE101L,3.0,6,MH1,T,11:20 AM - 02:20 PM,SAC409_V,10
CHE101L,3.0,7,PYN,T,02:40 PM - 05:40 PM,SAC409,10
CHE101L,3.0,8,MALM,T,02:40 PM - 05:40 PM,SAC409_V,10
CHE101L,3.0,9,MH1,W,11:20 AM - 02:20 PM,SAC409,10
CHE101L,3.0,10,MH1,W,11:20 AM - 02:20 PM,SAC409_V,10
CHE101L,3.0,11,MH1,W,02:40 PM - 05:40 PM,SAC409,10
CHE101L,3.0,12,MH1,W,02:40 PM - 05:40 PM,SAC409_V,10
CHE101L,3.0,13,HML,S,08:00 AM - 11:00 AM,SAC409,10
CHE101L,3.0,14,HML,S,08:00 AM - 11:00 AM,SAC409_V,10
CHE101L,3.0,15,MRKL,S,11:20 AM - 02:20 PM,SAC409,10
CHE101L,3.0,16,MRKL,S,11:20 AM - 02:20 PM,SAC409_V,10
CHE101L,3.0,17,ADP,S,02:40 PM - 05:40 PM,SAC409,10
CHE101L,3.0,18,ADP,S,02:40 PM - 05:40 PM,SAC409_V,10
CHE101L,3.0,19,MH1,M,08:00 AM - 11:00 AM,SAC409,10
CHE101L,3.0,20,MH1,M,08:00 AM - 11:00 AM,SAC409_V,10
CHE101L,3.0,21,HML,T,08:00 AM - 11:00 AM,SAC409,10
CHE101L,3.0,22,HML,T,08:00 AM - 11:00 AM,SAC409_V,10
CHE101L,3.0,23,MEH,W,08:00 AM - 11:00 AM,SAC409,0
CHE101L,3.0,24,MEH,W,08:00 AM - 11:00 AM,SAC409_V,0
CHE101L,3.0,25,MRKL,R,11:20 AM - 02:20 PM,SAC409,10
CHE101L,3.0,26,MRKL,R,11:20 AM - 02:20 PM,SAC409_V,10
CHE101L,3.0,27,MAZM,R,02:40 PM - 05:40 PM,SAC409,10
CHE101L,3.0,28,MAZM,R,02:40 PM - 05:40 PM,SAC409_V,10
CHE101L,3.0,29,MMR3,A,08:00 AM - 11:00 AM,SAC409,10
CHE101L,3.0,30,MMR3,A,08:00 AM - 11:00 AM,SAC409_V,10
CHE101L,3.0,31,MMR3,A,11:20 AM - 02:20 PM,SAC409,10
CHE101L,3.0,32,MMR3,A,11:20 AM - 02:20 PM,SAC409_V,10
CHE101L,3.0,33,PYN,A,02:40 PM - 05:40 PM,SAC409,10
CHE101L,3.0,34,PYN,A,02:40 PM - 05:40 PM,SAC409_V,10
CHE101L,3.0,35,MALM,S,08:00 AM - 11:00 AM,SAC415B_V,10
CHE101L,3.0,36,FZD,S,11:20 AM - 02:20 PM,SAC415B,10
CHE101L,3.0,37,FZD,S,11:20 AM - 02:20 PM,SAC415B_V,10
CHE101L,3.0,38,FZD,T,08:00 AM - 11:00 AM,SAC415B,10
CHE101L,3.0,39,FZD,T,08:00 AM - 11:00 AM,SAC415B_V,10
CHE101L,3.0,40,FZD,T,11:20 AM - 02:20 PM,SAC415B,10
CHE101L,3.0,41,FZD,T,11:20 AM - 02:20 PM,SAC415B_V,10
CHE101L,3.0,42,MEH,R,08:00 AM - 11:00 AM,SAC415B,10
CHE101L,3.0,43,MEH,R,08:00 AM - 11:00 AM,SAC415B_V,10
CHE101L,3.0,44,MEH,A,08:00 AM - 11:00 AM,SAC415B,10
CHE101L,3.0,45,MEH,A,08:00 AM - 11:00 AM,SAC415B_V,10
CHE101L,3.0,46,MAZM,A,02:40 PM - 05:40 PM,SAC415B,10
CHE101L,3.0,47,MALM,A,02:40 PM - 05:40 PM,SAC415B_V,10
CHE101L,3.0,48,AVC,R,08:00 AM - 11:00 AM,SAC409,10
CHE101L,3.0,49,AVC,R,08:00 AM - 11:00 AM,SAC409_V,10
CHE201,3.0,1,ADP,ST,01:00 PM - 02:30 PM,SAC401,35
CHE201,3.0,2,MKUN,MW,08:00 AM - 09:30 AM,OAT601,80
CHE201,3.0,3,ADP,MW,09:40 AM - 11:10 AM,OAT602,80
CHE201,3.0,4,ESD,MW,02:40 PM - 04:10 PM,OAT602,80
CHE201,3.0,5,NRO,MW,04:20 PM - 05:50 PM,OAT601,80
CHE201,3.0,6,SZF,RA,08:00 AM - 09:30 AM,SAC402,40
CHE201,3.0,7,SZF,RA,09:40 AM - 11:10 AM,NTR203,30
CHE201,3.0,8,ADP,MW,11:20 AM - 12:50 PM,OAT602,80
CHE201,3.0,9,ADP,ST,11:20 AM - 12:50 PM,NAC211,80
CHE201,3.0,10,ESD,ST,02:40 PM - 04:10 PM,NAC211,80
CHE202,3.0,1,MKUN,ST,09:40 AM - 11:10 AM,NAC211,80
CHE202,3.0,2,MIO,ST,08:00 AM - 09:30 AM,SAC402,40
CHE202,3.0,3,MIO,MW,01:00 PM - 02:30 PM,OAT602,80
CHE202,3.0,4,AYS,RA,09:40 AM - 11:10 AM,OAT601,80
CHE202,3.0,5,MIO,ST,01:00 PM - 02:30 PM,NTR204,30
CHE202,3.0,6,MIO,MW,08:00 AM - 09:30 AM,NAC211,80
CHE202,3.0,7,TSHQ,MW,01:00 PM - 02:30 PM,NTR204,30
CHE202L,3.0,1,MKUN,T,02:40 PM - 05:40 PM,SAC415B,20
CHE202L,3.0,2,MIO,M,02:40 PM - 05:40 PM,SAC415B,20
CHE202L,3.0,3,MIO,M,02:40 PM - 05:40 PM,SAC415B_V,20
CHE202L,3.0,4,MIO,T,02:40 PM - 05:40 PM,SAC415B_V,20
CHE202L,3.0,5,PYN,W,08:00 AM - 11:00 AM,SAC415B,20
CHE202L,3.0,6,PYN,W,08:00 AM - 11:00 AM,SAC415B_V,20
CHE202L,3.0,7,MIO,W,02:40 PM - 05:40 PM,SAC415B,20
CHE202L,3.0,8,MIO,W,02:40 PM - 05:40 PM,SAC415B_V,20
CHE202L,3.0,9,NRO,R,02:40 PM - 05:40 PM,SAC415B,20
CHE202L,3.0,10,NRO,R,02:40 PM - 05:40 PM,SAC415B_V,20
CHE202L,3.0,11,TSHQ,A,11:20 AM - 02:20 PM,SAC415B,20
CHE202L,3.0,12,TSHQ,A,11:20 AM - 02:20 PM,SAC415B_V,20
CHE203,3.0,1,MKUN,ST,01:00 PM - 02:30 PM,OAT601,80
CHE203,3.0,2,MKUN,MW,01:00 PM - 02:30 PM,OAT601,80
CHE203,3.0,3,TSHQ,RA,09:40 AM - 11:10 AM,SAC401,35
CHE203,3.0,5,TSHQ,RA,02:40 PM - 04:10 PM,SAC406,40
CHE203L,3.0,1,MKUN,S,02:40 PM - 05:40 PM,SAC415B,20
CHE203L,3.0,2,MKUN,S,02:40 PM - 05:40 PM,SAC415B_V,20
CHE203L,3.0,3,SZF,M,08:00 AM - 11:00 AM,SAC415B,20
CHE203L,3.0,4,SZF,M,08:00 AM - 11:00 AM,SAC415B_V,20
CHE203L,3.0,5,THT,M,11:20 AM - 02:20 PM,SAC415B,20
CHE203L,3.0,6,THT,M,11:20 AM - 02:20 PM,SAC415B_V,20
CHE203L,3.0,7,THT,W,11:20 AM - 02:20 PM,SAC415B,20
CHE203L,3.0,8,THT,W,11:20 AM - 02:20 PM,SAC415B_V,20
CHE203L,3.0,9,TSHQ,R,11:20 AM - 02:20 PM,SAC415B,20
CHE203L,3.0,10,TSHQ,R,11:20 AM - 02:20 PM,SAC415B_V,20
CHN101,3.0,1,Rbt,ST,11:20 AM - 12:50 PM,NAC990,40
CHN101,3.0,2,Rbt,ST,02:40 PM - 04:10 PM,NAC207,40
CHN101,3.0,3,AzH1,RA,08:00 AM - 09:30 AM,NAC302,40
CHN101,3.0,4,AzH1,RA,09:40 AM - 11:10 AM,NAC309,40
CHN101,3.0,5,AzH1,RA,01:00 PM - 02:30 PM,NAC308,40
CHN201,3.0,1,Rbt,MW,02:40 PM - 04:10 PM,NAC207,40
CHN201,3.0,2,Rbt,MW,04:20 PM - 05:50 PM,NAC515,40
CSE101,3.0,1,MSLK,ST,08:00 AM - 09:30 AM,SAC311,29
CSE101,3.0,2,SvA,MW,01:00 PM - 02:30 PM,LIB611,27
CSE115,3.0,1,NvA,ST,08:00 AM - 09:30 AM,SAC308,0
CSE115,3.0,2,NvA,ST,09:40 AM - 11:10 AM,SAC308,0
CSE115,3.0,3,RjP,ST,09:40 AM - 11:10 AM,SAC310,0
CSE115,3.0,4,MSRb,RA,11:20 AM - 12:50 PM,SAC306,0
CSE115,3.0,5,NLH,MW,02:40 PM - 04:10 PM,LIB605,0
CSE115,3.0,6,MLE,MW,01:00 PM - 02:30 PM,LIB604,0
CSE115,3.0,7,MLE,MW,02:40 PM - 04:10 PM,LIB606,0
CSE115,3.0,8,HSM,MW,09:40 AM - 11:10 AM,LIB611,0
CSE115,3.0,9,HSM,RA,02:40 PM - 04:10 PM,SAC311,0
CSE115,3.0,10,TnS1,MW,02:40 PM - 04:10 PM,LIB607,32
CSE115,3.0,11,TnS1,MW,04:20 PM - 05:50 PM,LIB610,35
CSE115,3.0,12,SMSL,RA,08:00 AM - 09:30 AM,SAC310,35
CSE115,3.0,13,FTH,MW,08:00 AM - 09:30 AM,SAC311,35
CSE115,3.0,16,OISD,ST,01:00 PM - 02:30 PM,LIB611,35
CSE115,3.0,17,RSy,ST,08:00 AM - 09:30 AM,SAC207,35
CSE115,3.0,18,MHIS,ST,11:20 AM - 12:50 PM,LIB611,35
CSE115,3.0,19,SUS,MW,11:20 AM - 12:50 PM,LIB610,35
CSE115,3.0,20,JVN,ST,04:20 PM - 05:50 PM,SAC205,35
CSE115,3.0,21,Shaifur,RA,11:20 AM - 12:50 PM,SAC308,35
CSE115,3.0,22,Shaifur,RA,01:00 PM - 02:30 PM,SAC308,35
CSE115L,3.0,1,NvA,ST,11:20 AM - 12:50 PM,LIB610,0
CSE115L,3.0,2,NvA,ST,01:00 PM - 02:30 PM,LIB610,0
CSE115L,3.0,3,RjP,ST,01:00 PM - 02:30 PM,LIB606,0
CSE115L,3.0,4,MSRb,RA,09:40 AM - 11:10 AM,LIB602,0
CSE115L,3.0,5,NLH,MW,04:20 PM - 05:50 PM,LIB605,0
CSE115L,3.0,6,MLE,MW,11:20 AM - 12:50 PM,LIB604,0
CSE115L,3.0,7,MLE,MW,04:20 PM - 05:50 PM,LIB606,0
CSE115L,3.0,8,HSM,MW,11:20 AM - 12:50 PM,LIB611,0
CSE115L,3.0,9,HSM,RA,11:20 AM - 12:50 PM,LIB603,1
CSE115L,3.0,10,TnS1,MW,11:20 AM - 12:50 PM,LIB603,32
CSE115L,3.0,11,TnS1,MW,01:00 PM - 02:30 PM,LIB603,35
CSE115L,3.0,12,SMSL,RA,09:40 AM - 11:10 AM,LIB603,35
CSE115L,3.0,13,FTH,MW,11:20 AM - 12:50 PM,LIB602,35
CSE115L,3.0,16,OISD,ST,04:20 PM - 05:50 PM,LIB611,35
CSE115L,3.0,17,RSy,ST,09:40 AM - 11:10 AM,LIB602,35
CSE115L,3.0,18,MHIS,ST,08:00 AM - 09:30 AM,LIB611,35
CSE115L,3.0,19,SUS,MW,01:00 PM - 02:30 PM,LIB610,35
CSE115L,3.0,20,JVN,ST,02:40 PM - 04:10 PM,LIB611,35
CSE115L,3.0,21,TBA,RA,02:40 PM - 04:10 PM,LIB602,35
CSE115L,3.0,22,TBA,RA,04:20 PM - 05:50 PM,LIB602,35
CSE145,3.0,1,JVN,RA,04:20 PM - 05:50 PM,NAC204,35
CSE146,3.0,1,Auq,MW,09:40 AM - 11:10 AM,LIB603,34
CSE173,3.0,1,SLE,MW,09:40 AM - 11:10 AM,SAC310,34
CSE173,3.0,2,MSK1,ST,01:00 PM - 02:30 PM,SAC310,35
CSE173,3.0,3,MSK1,ST,02:40 PM - 04:10 PM,SAC310,35
CSE173,3.0,4,MSRb,MW,02:40 PM - 04:10 PM,LIB603,35
CSE173,3.0,5,SSI,ST,02:40 PM - 04:10 PM,LIB609,35
CSE173,3.0,6,MLE,ST,01:00 PM - 02:30 PM,SAC210,35
CSE173,3.0,7,MLE,ST,02:40 PM - 04:10 PM,LIB604,35
CSE173,3.0,8,SvA,ST,08:00 AM - 09:30 AM,SAC307,35
CSE173,3.0,9,SvA,MW,08:00 AM - 09:30 AM,SAC316,35
CSE173,3.0,10,TnF,ST,04:20 PM - 05:50 PM,SAC308,35
CSE173,3.0,11,ITN,RA,11:20 AM - 12:50 PM,SAC210,35
CSE173,3.0,14,SFT,RA,11:20 AM - 12:50 PM,SAC209,35
CSE173,3.0,15,ITN,RA,01:00 PM - 02:30 PM,SAC209,35
CSE215,3.0,1,RRn,ST,11:20 AM - 12:50 PM,SAC310,35
CSE215,3.0,2,RRn,MW,02:40 PM - 04:10 PM,SAC308,35
CSE215,3.0,3,RjP,MW,09:40 AM - 11:10 AM,SAC306,35
CSE215,3.0,4,SfR1,RA,09:40 AM - 11:10 AM,SAC511,35
CSE215,3.0,5,SvA,RA,08:00 AM - 09:30 AM,SAC511,35
CSE215,3.0,6,HSM,MW,02:40 PM - 04:10 PM,LIB611,35
CSE215,3.0,8,MUO,ST,01:00 PM - 02:30 PM,SAC502,35
CSE215,3.0,9,MUO,ST,04:20 PM - 05:50 PM,LIB606,35
CSE215,3.0,10,MHIS,RA,09:40 AM - 11:10 AM,SAC209,35
CSE215,3.0,11,MFT,ST,11:20 AM - 12:50 PM,SAC210,35
CSE215,3.0,14,MAY,ST,09:40 AM - 11:10 AM,LIB607,35
CSE215L,3.0,1,RRn,ST,02:40 PM - 04:10 PM,LIB602,35
CSE215L,3.0,2,RRn,MW,04:20 PM - 05:50 PM,LIB602,35
CSE215L,3.0,3,RjP,MW,01:00 PM - 02:30 PM,LIB602,35
CSE215L,3.0,4,SfR1,RA,08:00 AM - 09:30 AM,LIB602,35
CSE215L,3.0,5,SvA,RA,11:20 AM - 12:50 PM,LIB602,35
CSE215L,3.0,6,HSM,MW,04:20 PM - 05:50 PM,LIB611,35
CSE215L,3.0,7,RIh,ST,11:20 AM - 12:50 PM,LIB602,35
CSE215L,3.0,8,MUO,ST,11:20 AM - 12:50 PM,LIB603,35
CSE215L,3.0,9,MUO,ST,09:40 AM - 11:10 AM,LIB606,35
CSE215L,3.0,10,MHIS,RA,11:20 AM - 12:50 PM,LIB609,35
CSE215L,3.0,11,MFT,ST,02:40 PM - 04:10 PM,LIB603,35
CSE215L,3.0,14,MAY,ST,01:00 PM - 02:30 PM,LIB609,35
CSE225,3.0,1,RjP,ST,11:20 AM - 12:50 PM,SAC316,35
CSE225,3.0,2,RIH,ST,04:20 PM - 05:50 PM,NAC990,35
CSE225,3.0,5,IqN,RA,02:40 PM - 04:10 PM,SAC316,35
CSE225,3.0,6,FTH,MW,09:40 AM - 11:10 AM,LIB602,35
CSE225,3.0,10,Shafiur,ST,04:20 PM - 05:50 PM,SAC311,35
CSE225,3.0,11,MHIS,RA,01:00 PM - 02:30 PM,NAC992,35
CSE225L,3.0,1,RjP,ST,02:40 PM - 04:10 PM,LIB606,35
CSE225L,3.0,2,Rih,ST,01:00 PM - 02:30 PM,LIB602,35
CSE225L,3.0,5,IqN,RA,08:00 AM - 09:30 AM,LIB603,35
CSE225L,3.0,6,FTH,MW,02:40 PM - 04:10 PM,LIB609,35
CSE225L,3.0,10,TBA,MW,02:40 PM - 04:10 PM,LIB602,35
CSE225L,3.0,11,MHIS,RA,02:40 PM - 04:10 PM,LIB603,35
CSE231/EEE211,3.0,1,ALHQ,ST,08:00 AM - 09:30 AM,SAC511,35
CSE231/EEE211,3.0,2,ALHQ,ST,11:20 AM - 12:50 PM,SAC511,35
CSE231/EEE211,3.0,3,SLE,MW,11:20 AM - 12:50 PM,SAC310,35
CSE231/EEE211,3.0,4,TnR,ST,09:40 AM - 11:10 AM,SAC511,35
CSE231/EEE211,3.0,5,TnR,ST,11:20 AM - 12:50 PM,SAC207,35
CSE231/EEE211,3.0,6,NJL,RA,09:40 AM - 11:10 AM,SAC306,35
CSE231/EEE211,3.0,7,NJL,RA,11:20 AM - 12:50 PM,SAC307,35
CSE231/EEE211,3.0,8,TnF,ST,08:00 AM - 09:30 AM,SAC306,35
CSE231/EEE211,3.0,9,TNF,ST,01:00 PM - 02:30 PM,SAC503,35
CSE231/EEE211,3.0,10,HSM,RA,01:00 PM - 02:30 PM,SAC311,35
CSE231/EEE211,3.0,11,KMM,MW,04:20 PM - 05:50 PM,SAC316,30
CSE231/EEE211,3.0,12,Mkl,ST,01:00 PM - 02:30 PM,SAC207,35
CSE231/EEE211,3.0,13,KSE,ST,01:00 PM - 02:30 PM,NAC993,35
CSE231/EEE211,3.0,15,MSLK,RA,08:00 AM - 09:30 AM,SAC307,35
CSE231L/EEE211L,3.0,1,ALHQ,S,02:40 PM - 05:50 PM,SAC507,35
CSE231L/EEE211L,3.0,2,ALHQ,T,02:40 PM - 05:50 PM,SAC507,35
CSE231L/EEE211L,3.0,3,SLE,M,02:40 PM - 05:50 PM,SAC507,35
CSE231L/EEE211L,3.0,4,TNR,S,02:40 PM - 05:50 PM,SAC801,35
CSE231L/EEE211L,3.0,5,TNR,T,02:40 PM - 05:50 PM,SAC801,35
CSE231L/EEE211L,3.0,6,NJL,R,02:40 PM - 05:50 PM,SAC507,35
CSE231L/EEE211L,3.0,7,NJL,A,02:40 PM - 05:50 PM,SAC507,35
CSE231L/EEE211L,3.0,8,TNF,M,11:20 AM - 02:30 PM,SAC507,35
CSE231L/EEE211L,3.0,9,TNF,R,02:40 PM - 05:50 PM,SAC801,35
CSE231L/EEE211L,3.0,10,HSM,A,08:00 AM - 11:10 AM,SAC507,35
CSE231L/EEE211L,3.0,11,KMM,R,08:00 AM - 11:10 AM,SAC507,30
CSE231L/EEE211L,3.0,12,Mkl,T,08:00 AM - 11:10 AM,SAC507,35
CSE231L/EEE211L,3.0,13,KSE,S,08:00 AM - 11:10 AM,SAC507,35
CSE231L/EEE211L,3.0,15,MSLK,W,08:00 AM - 11:10 AM,SAC507,35
CSE273,3.0,1,ARa2,ST,09:40 AM - 11:10 AM,SAC316,35
CSE273,3.0,2,ARa2,ST,11:20 AM - 12:50 PM,SAC209,35
CSE273,3.0,3,SMSL,ST,08:00 AM - 09:30 AM,SAC203,35
CSE273,3.0,4,MHIS,ST,09:40 AM - 11:10 AM,LIB603,35
CSE273,3.0,6,MMK1,ST,09:40 AM - 11:10 AM,SAC305,35
CSE273,3.0,7,MMK1,ST,08:00 AM - 09:30 AM,SAC314,35
CSE299,3.0,1,SFR21,S,08:00 AM - 09:30 AM,SAC503,21
CSE299,3.0,2,SFR1,S,02:40 PM - 04:10 PM,LIB608,21
CSE299,3.0,3,MSRb,M,11:20 AM - 12:50 PM,LIB605,21
CSE299,3.0,5,NLH,R,01:00 PM - 02:30 PM,LIB605,21
CSE299,3.0,7,MLE,M,09:40 AM - 11:10 AM,LIB608,21
CSE299,3.0,8,ITN,A,02:40 PM - 04:10 PM,LIB608,21
CSE299,3.0,9,ITN,A,04:20 PM - 05:50 PM,LIB608,21
CSE299,3.0,10,TNS1,A,02:40 PM - 04:10 PM,LIB606,21
CSE299,3.0,11,MUO,M,01:00 PM - 02:30 PM,LIB605,21
CSE299,3.0,12,OISD,M,09:40 AM - 11:10 AM,LIB610,21
CSE299,3.0,13,SMSL,S,11:20 AM - 12:50 PM,LIB607,21
CSE299,3.0,14,SMSL,S,01:00 PM - 02:30 PM,LIB607,21
CSE299,3.0,15,AFE,R,11:20 AM - 12:50 PM,LIB608,21
CSE311/ETE335,3.0,1,NLH,RA,08:00 AM - 09:30 AM,SAC210,35
CSE311/ETE335,3.0,2,NLH,RA,09:40 AM - 11:10 AM,SAC210,35
CSE311/ETE335,3.0,3,TnS1,RA,04:20 PM - 05:50 PM,SAC511,35
CSE311/ETE335,3.0,5,FTH,RA,08:00 AM - 09:30 AM,SAC308,35
CSE311/ETE335,3.0,6,FTH,RA,09:40 AM - 11:10 AM,SAC310,35
CSE311/ETE335,3.0,7,MKN1,RA,11:20 AM - 12:50 PM,SAC316,35
CSE311L/ETE335L,3.0,1,NLH,S,08:00 AM - 11:10 AM,LIB604,35
CSE311L/ETE335L,3.0,2,NLH,T,08:00 AM - 11:10 AM,LIB604,35
CSE311L/ETE335L,3.0,3,TnS1,R,11:20 AM - 02:30 PM,LIB604,35
CSE311L/ETE335L,3.0,4,RIH,W,11:20 AM - 02:30 PM,LIB605,35
CSE311L/ETE335L,3.0,5,FTH,R,02:40 PM - 05:50 PM,LIB604,35
CSE311L/ETE335L,3.0,6,FTH,A,02:40 PM - 05:50 PM,LIB604,35
CSE311L/ETE335L,3.0,7,MKN1,R,02:40 PM - 05:50 PM,LIB605,35
CSE323,3.0,1,NvA,MW,11:20 AM - 12:50 PM,SAC210,35
CSE323,3.0,2,NvA,MW,01:00 PM - 02:30 PM,SAC308,35
CSE323,3.0,3,Auq,ST,04:20 PM - 05:50 PM,SAC511,35
CSE323,3.0,4,MSLK,ST,01:00 PM - 02:30 PM,NAC992,35
CSE323,3.0,5,NJL,MW,01:00 PM - 02:30 PM,SAC209,35
CSE323,3.0,6,SSI,RA,01:00 PM - 02:30 PM,SAC210,35
CSE323,3.0,7,SSI,RA,02:40 PM - 04:10 PM,SAC210,35
CSE323,3.0,8,RSY,RA,02:40 PM - 04:10 PM,LIB607,35
CSE323,3.0,9,SMSL,RA,01:00 PM - 02:30 PM,SAC511,35
CSE325/CSE425,3.0,4,SUS,RA,01:00 PM - 02:30 PM,SAC207,35
CSE325/CSE425,3.0,5,SUS,RA,02:40 PM - 04:10 PM,SAC207,35
CSE325/CSE425,3.0,6,EzM,RA,02:40 PM - 04:10 PM,SAC310,35
CSE325/CSE425,3.0,7,EzM,RA,04:20 PM - 05:50 PM,SAC310,35
CSE325/CSE425,3.0,9,MDAR,RA,11:20 AM - 12:50 PM,SAC207,35
CSE327,3.0,1,AFE,MW,02:40 PM - 04:10 PM,LIB604,35
CSE327,3.0,2,AFE,MW,04:20 PM - 05:50 PM,SAC310,35
CSE327,3.0,3,ITN,ST,11:20 AM - 12:50 PM,LIB604,35
CSE327,3.0,5,IQN,ST,04:20 PM - 05:50 PM,SAC502,35
CSE327,3.0,6,IqN,ST,01:00 PM - 02:30 PM,LIB604,35
CSE327,3.0,7,RSy,RA,09:40 AM - 11:10 AM,SAC308,35
CSE327,3.0,8,RSy,RA,11:20 AM - 12:50 PM,SAC311,35
CSE331/EEE332/EEE453/ETE332,3.0,1,MAQM,MW,01:00 PM - 02:30 PM,SAC511,35
CSE331/EEE332/EEE453/ETE332,3.0,2,MOJ,MW,02:40 PM - 04:10 PM,SAC207,35
CSE331/EEE332/EEE453/ETE332,3.0,3,Rqn,RA,11:20 AM - 12:50 PM,NAC992,35
CSE331/EEE332/EEE453/ETE332,3.0,4,Rqn,RA,02:40 PM - 04:10 PM,SAC307,35
CSE331/EEE332/EEE453/ETE332,3.0,5,ACQ,MW,08:00 AM - 09:30 AM,SAC306,35
CSE331/EEE332/EEE453/ETE332,3.0,6,ACQ,RA,04:20 PM - 05:50 PM,SAC502,35
CSE331/EEE332/EEE453/ETE332,3.0,9,SMMA,RA,02:40 PM - 04:10 PM,SAC503,35
CSE331/EEE332/EEE453/ETE332,3.0,10,SMMA,RA,04:20 PM - 05:50 PM,SAC316,35
CSE331L/EEE332L/EEE453L/ETE332L,3.0,1,MAQM,M,08:00 AM - 11:10 AM,LIB609,35
CSE331L/EEE332L/EEE453L/ETE332L,3.0,2,MOJ,W,11:20 AM - 02:30 PM,LIB609,35
CSE331L/EEE332L/EEE453L/ETE332L,3.0,3,RQN,R,08:00 AM - 11:10 AM,LIB609,35
CSE331L/EEE332L/EEE453L/ETE332L,3.0,4,RQN,A,08:00 AM - 11:10 AM,LIB609,35
CSE331L/EEE332L/EEE453L/ETE332L,3.0,5,ACQ,R,11:20 AM - 02:30 PM,LIB610,35
CSE331L/EEE332L/EEE453L/ETE332L,3.0,6,ACQ,A,11:20 AM - 02:30 PM,LIB610,35
CSE331L/EEE332L/EEE453L/ETE332L,3.0,9,SMMA,R,08:00 AM - 11:10 AM,LIB610,35
CSE331L/EEE332L/EEE453L/ETE332L,3.0,10,SMM1,A,08:00 AM - 11:10 AM,LIB610,35
CSE332/EEE336,3.0,1,ALHQ,MW,08:00 AM - 09:30 AM,SAC308,35
CSE332/EEE336,3.0,2,TnR,MW,01:00 PM - 02:30 PM,SAC311,35
CSE332/EEE336,3.0,3,TBA,MW,11:20 AM - 12:50 PM,SAC511,35
CSE332/EEE336,3.0,4,MAQm,ST,01:00 PM - 02:30 PM,SAC209,35
CSE332/EEE336,3.0,5,TBA,MW,01:00 PM - 02:30 PM,SAC316,0
CSE332/EEE336,3.0,6,NJL,ST,09:40 AM - 11:10 AM,SAC502,35
CSE332/EEE336,3.0,7,TnF,MW,08:00 AM - 09:30 AM,NAC303,35
CSE332/EEE336,3.0,8,TBA,MW,01:00 PM - 02:30 PM,SAC502,35
CSE332/EEE336,3.0,9,TBA,RA,08:00 AM - 09:30 AM,SAC207,35
CSE332/EEE336,3.0,10,TBA,RA,09:40 AM - 11:10 AM,SAC207,35
CSE332/EEE336,3.0,11,TBA,MW,02:40 PM - 04:10 PM,SAC311,0
CSE332/EEE336,3.0,12,TBA,ST,04:20 PM - 05:50 PM,SAC310,0
CSE332L/EEE336L,3.0,1,ALHQ,M,02:40 PM - 05:50 PM,SAC801,35
CSE332L/EEE336L,3.0,2,TnR,M,08:00 AM - 11:10 AM,SAC801,35
CSE332L/EEE336L,3.0,3,TBA,W,02:40 PM - 05:50 PM,SAC801,35
CSE332L/EEE336L,3.0,4,MAQm,S,08:00 AM - 11:10 AM,SAC801,35
CSE332L/EEE336L,3.0,5,TBA,T,11:20 AM - 02:30 PM,SAC801,0
CSE332L/EEE336L,3.0,6,NJL,M,08:00 AM - 11:10 AM,SAC507,35
CSE332L/EEE336L,3.0,7,TnF,W,02:40 PM - 05:50 PM,SAC507,35
CSE332L/EEE336L,3.0,8,TBA,R,11:20 AM - 02:30 PM,SAC801,35
CSE332L/EEE336L,3.0,9,TBA,A,11:20 AM - 02:30 PM,SAC801,35
CSE332L/EEE336L,3.0,10,TBA,A,02:40 PM - 05:50 PM,SAC801,35
CSE332L/EEE336L,3.0,11,TBA,W,08:00 AM - 11:10 AM,SAC801,0
CSE332L/EEE336L,3.0,12,TBA,T,08:00 AM - 11:10 AM,SAC801,0
CSE338/CSE438/EEE331/ETE331,3.0,1,Auq,ST,06:00 PM - 07:30 PM,SAC308,35
CSE338L/CSE438L,3.0,2,RJP,W,02:40 PM - 05:50 PM,LIB610,35
CSE373,3.0,1,SfM1,ST,11:20 AM - 12:50 PM,SAC306,35
CSE373,3.0,2,ARa2,MW,11:20 AM - 12:50 PM,NAC992,35
CSE373,3.0,3,ARa2,MW,02:40 PM - 04:10 PM,SAC511,35
CSE373,3.0,4,STI,ST,01:00 PM - 02:30 PM,SAC306,35
CSE373,3.0,5,STI,ST,04:20 PM - 05:50 PM,SAC306,35
CSE373,3.0,6,Iqn,RA,01:00 PM - 02:30 PM,SAC316,35
CSE373,3.0,7,OISD,ST,08:00 AM - 09:30 AM,SAC210,35
CSE373,3.0,8,OISD,MW,08:00 AM - 09:30 AM,SAC511,35
CSE373,3.0,9,SUS,MW,08:00 AM - 09:30 AM,SAC210,35
CSE411,3.0,1,SLF,RA,08:00 AM - 09:30 AM,SAC306,35
CSE411,3.0,2,SLF,RA,09:40 AM - 11:10 AM,SAC316,35
CSE413/EEE413/ETE419,3.0,1,IqR,MW,11:20 AM - 12:50 PM,SAC503,35
CSE413/EEE413/ETE419,3.0,2,IqR,MW,02:40 PM - 04:10 PM,SAC209,35
CSE413L/EEE413L/ETE419L,3.0,1,IQR,A,08:00 AM - 11:10 AM,LIB611,35
CSE413L/EEE413L/ETE419L,3.0,2,IQR,A,11:20 AM - 02:30 PM,LIB611,35
CSE325/CSE425,3.0,1,MSK1,MW,01:00 PM - 02:30 PM,SAC307,35
CSE325/CSE425,3.0,2,MSK1,MW,02:40 PM - 04:10 PM,SAC307,35
CSE325/CSE425,3.0,3,SSI,ST,04:20 PM - 05:50 PM,SAC209,35
CSE435/EEE411/ETE412,3.0,1,IqR,ST,11:20 AM - 12:50 PM,SAC502,35
CSE435/EEE411/ETE412,3.0,2,IqR,ST,02:40 PM - 04:10 PM,SAC209,35
CSE435L/EEE411L/ETE412L,3.0,1,IQR,R,08:00 AM - 11:10 AM,LIB611,35
CSE435L/EEE411L/ETE412L,3.0,2,IQR,R,11:20 AM - 02:30 PM,LIB611,35
CSE338/CSE438,3.0,2,RjP,MW,11:20 AM - 12:50 PM,SAC306,35
CSE440/EEE333/ETE333,3.0,1,MSRb,MW,01:00 PM - 02:30 PM,SAC210,35
CSE440/EEE333/ETE333,3.0,2,MDSH,RA,02:40 PM - 04:10 PM,SAC209,35
CSE440/EEE333/ETE333,3.0,3,MDSH,RA,04:20 PM - 05:50 PM,SAC209,35
CSE440/EEE333/ETE333,3.0,4,MSDL,RA,04:20 PM - 05:50 PM,SAC311,35
CSE445,3.0,1,SfM1,MW,09:40 AM - 11:10 AM,SAC209,35
CSE445,3.0,2,SfM1,MW,11:20 AM - 12:50 PM,SAC209,35
CSE445,3.0,3,JSA,MW,08:00 AM - 09:30 AM,SAC307,35
CSE445,3.0,4,Rtk,ST,02:40 PM - 04:10 PM,SAC511,30
CSE445,3.0,5,SfR1,RA,11:20 AM - 12:50 PM,SAC511,35
CSE445,3.0,6,MAQM,MW,04:20 PM - 05:50 PM,SAC210,35
CSE445,3.0,7,MSRb,RA,01:00 PM - 02:30 PM,SAC306,35
CSE465,3.0,1,SfM1,ST,09:40 AM - 11:10 AM,SAC306,35
CSE465,3.0,2,NbM,MW,09:40 AM - 11:10 AM,SAC308,35
CSE465,3.0,3,NbM,MW,11:20 AM - 12:50 PM,SAC207,35
CSE465,3.0,4,AzK,MW,09:40 AM - 11:10 AM,SAC210,35
CSE465,3.0,5,AFE,ST,02:40 PM - 04:10 PM,SAC306,35
CSE465,3.0,6,OISD,ST,09:40 AM - 11:10 AM,SAC503,35
CSE482/ETE334,3.0,1,SFA,RA,04:20 PM - 05:50 PM,SAC210,35
CSE482L/ETE334L,3.0,1,SFA,R,08:00 AM - 11:10 AM,LIB605,35
CSE491,3.0,1,STI,MW,04:20 PM - 05:50 PM,SAC306,35
CSE495A/EEE494,3.0,1,SnS1,ST,09:40 AM - 11:10 AM,NAC992,35
CSE495B,3.0,1,NBM,MW,02:40 PM - 04:10 PM,SAC306,35
CSE495B,3.0,2,AzK,MW,02:40 PM - 04:10 PM,SAC310,35
CSE498R,3.0,1,TBA,,TBA,TBA,16
CSE498R,3.0,2,TBA,,TBA,TBA,16
CSE498R,3.0,3,TBA,,TBA,TBA,16
CSE498R,3.0,4,TBA,,TBA,TBA,16
CSE498R,3.0,5,TBA,,TBA,TBA,16
CSE498R,3.0,6,TBA,,TBA,TBA,16
CSE498R,3.0,7,TBA,,TBA,TBA,16
CSE498R,3.0,8,TBA,,TBA,TBA,16
CSE498R,3.0,9,TBA,,TBA,TBA,16
CSE498R,3.0,10,TBA,,TBA,TBA,16
CSE498R,3.0,11,TBA,,TBA,TBA,16
CSE498R,3.0,12,TBA,,TBA,TBA,16
CSE498R,3.0,13,TBA,,TBA,TBA,16
CSE498R,3.0,14,TBA,,TBA,TBA,16
CSE498R,3.0,15,TBA,,TBA,TBA,16
CSE498R,3.0,16,TBA,,TBA,TBA,16
CSE498R,3.0,17,TBA,,TBA,TBA,16
CSE498R,3.0,18,TBA,,TBA,TBA,16
CSE498R,3.0,19,TBA,,TBA,TBA,16
CSE498R,3.0,20,TBA,,TBA,TBA,16
CSE498R,3.0,21,TBA,,TBA,TBA,16
CSE498R,3.0,22,TBA,,TBA,TBA,16
CSE498R,3.0,23,TBA,,TBA,TBA,16
CSE498R,3.0,24,TBA,,TBA,TBA,16
CSE498R,3.0,25,TBA,,TBA,TBA,16
CSE498R,3.0,26,TBA,,TBA,TBA,16
CSE498R,3.0,27,TBA,,TBA,TBA,16
CSE498R,3.0,28,TBA,,TBA,TBA,16
CSE498R,3.0,29,TBA,,TBA,TBA,16
CSE498R,3.0,30,TBA,,TBA,TBA,16
CSE499A/EEE499A/ETE499A,3.0,1,SZZ,S,08:00 AM - 09:30 AM,SAC502,21
CSE499A/EEE499A/ETE499A,3.0,2,KAS,R,09:40 AM - 11:10 AM,SAC502,21
CSE499A/EEE499A/ETE499A,3.0,3,RRn,S,01:00 PM - 02:30 PM,LIB608,21
CSE499A/EEE499A/ETE499A,3.0,4,NVA,M,09:40 AM - 11:10 AM,LIB605,21
CSE499A/EEE499A/ETE499A,3.0,5,SLE,S,09:40 AM - 11:10 AM,LIB608,21
CSE499A/EEE499A/ETE499A,3.0,6,KMM,M,11:20 AM - 12:50 PM,LIB608,21
CSE499A/EEE499A/ETE499A,3.0,7,AUQ,T,02:40 PM - 04:10 PM,LIB610,21
CSE499A/EEE499A/ETE499A,3.0,8,NCK,M,01:00 PM - 02:30 PM,LIB608,21
CSE499A/EEE499A/ETE499A,3.0,9,STI,M,02:40 PM - 04:10 PM,LIB610,21
CSE499A/EEE499A/ETE499A,3.0,10,SNS1,M,11:20 AM - 12:50 PM,LIB609,21
CSE499A/EEE499A/ETE499A,3.0,11,AZK,R,11:20 AM - 12:50 PM,SAC503,21
CSE499A/EEE499A/ETE499A,3.0,12,RTK,W,11:20 AM - 12:50 PM,LIB608,21
CSE499A/EEE499A/ETE499A,3.0,13,SFR1,S,04:20 PM - 05:50 PM,LIB608,21
CSE499A/EEE499A/ETE499A,3.0,14,FMZN,R,01:00 PM - 02:30 PM,SAC502,21
CSE499A/EEE499A/ETE499A,3.0,15,Mdy,W,02:40 PM - 04:10 PM,LIB608,21
CSE499A/EEE499A/ETE499A,3.0,16,MAQM,W,11:20 AM - 12:50 PM,LIB606,21
CSE499A/EEE499A/ETE499A,3.0,17,MOJ,M,04:20 PM - 05:50 PM,LIB603,21
CSE499A/EEE499A/ETE499A,3.0,18,AFE,S,11:20 AM - 12:50 PM,LIB606,21
CSE499B/EEE499B/ETE499B,3.0,1,SZZ,T,08:00 AM - 09:30 AM,SAC502,21
CSE499B/EEE499B/ETE499B,3.0,2,KAS,R,11:20 AM - 12:50 PM,SAC502,21
CSE499B/EEE499B/ETE499B,3.0,3,RRn,T,01:00 PM - 02:30 PM,LIB608,21
CSE499B/EEE499B/ETE499B,3.0,4,SLE,S,11:20 AM - 12:50 PM,LIB608,21
CSE499B/EEE499B/ETE499B,3.0,5,KMM,S,11:20 AM - 12:50 PM,LIB605,21
CSE499B/EEE499B/ETE499B,3.0,6,Mdy,W,01:00 PM - 02:30 PM,LIB608,21
CSE499B/EEE499B/ETE499B,3.0,7,MOJ,W,04:20 PM - 05:50 PM,LIB603,21
CSE499B/EEE499B/ETE499B,3.0,8,NbM,T,11:20 AM - 12:50 PM,LIB608,21
CSE499B/EEE499B/ETE499B,3.0,9,SNS1,M,01:00 PM - 02:30 PM,LIB609,21
CSE499B/EEE499B/ETE499B,3.0,10,AZK,R,01:00 PM - 02:30 PM,SAC503,21
CSE499B/EEE499B/ETE499B,3.0,11,RTK,M,02:40 PM - 04:10 PM,LIB608,21
CSE499B/EEE499B/ETE499B,3.0,12,SFR1,M,08:00 AM - 09:30 AM,SAC503,21
CSE499B/EEE499B/ETE499B,3.0,13,MSRB,W,09:40 AM - 11:10 AM,LIB607,21
CSE499B/EEE499B/ETE499B,3.0,14,ABO,W,01:00 PM - 02:30 PM,LIB606,21
CSE499B/EEE499B/ETE499B,3.0,15,AFE,R,02:40 PM - 04:10 PM,LIB606,21
CSE499B/EEE499B/ETE499B,3.0,16,STI,R,04:20 PM - 05:50 PM,SAC503,21
CSE499B/EEE499B/ETE499B,3.0,17,NCK,W,09:40 AM - 11:10 AM,LIB605,21
CSE434/CSE534,3.0,1,SSI,A,07:00 PM - 10:10 PM,SAC511,0
CSE545/EEE424/EEE534/ETE424,3.0,1,FMZN,M,07:00 PM - 10:10 PM,SAC316,0
CSE552/EEE546,3.0,1,SLE,F,03:00 PM - 06:00 PM,SAC511,25
CSE468/CSE553/EEE660,3.0,1,NbM,S,07:00 PM - 10:10 PM,SAC316,0
CSE468/CSE553/EEE660,3.0,2,Shaifur,S,07:00 PM - 10:10 PM,SAC511,0
CSE597/EEE597/ETE597,3.0,1,STI,R,07:00 PM - 10:10 PM,SAC511,35
CSE598/EEE589,3.0,1,Azk,F,09:00 AM - 12:00 PM,SAC511,32
DEV503,3.0,1,ISN,A,09:40 AM - 12:50 PM,NAC1078,35
DEV504,3.0,1,NyS,F,09:00 AM - 12:30 PM,NAC410,35
DEV564,3.0,1,NzM1,R,07:00 PM - 10:10 PM,NAC410,35
DEV565,3.0,1,NyS,F,03:00 PM - 06:30 PM,NAC410,35
DEV569,3.0,1,NrA,F,03:00 PM - 06:30 PM,NAC407,35
DEV573,3.0,1,NrA,A,03:00 PM - 06:10 PM,NAC510,35
DEV577,3.0,1,ASRN,A,07:00 PM - 10:10 PM,NAC407,35
DEV595,3.0,1,AtR,,TBA,TBA,45
DEV595,3.0,2,GrG,,TBA,TBA,45
DEV595,3.0,3,AAR,,TBA,TBA,45
DEV595,3.0,4,GHA,,TBA,TBA,45
DEV595,3.0,5,SBn,,TBA,TBA,45
DEV595,3.0,6,ISN,,TBA,TBA,45
DEV595,3.0,7,NzM1,,TBA,TBA,45
DEV595,3.0,8,NrA,,TBA,TBA,45
DEV595,3.0,9,NyS,,TBA,TBA,45
DEV595,3.0,10,AKP,,TBA,TBA,45
DEV595,3.0,11,SME,,TBA,TBA,45
DEV595,3.0,12,MUK,,TBA,TBA,45
DEV595,3.0,13,TPA,,TBA,TBA,45
DEV595,3.0,14,JVHn,,TBA,TBA,45
DEV595,3.0,15,SaKn,,TBA,TBA,45
DEV595,3.0,16,SFY,,TBA,TBA,45
DEV595,3.0,17,TBA,,TBA,TBA,45
DEV595,3.0,18,TBA,,TBA,TBA,45
DEV596,3.0,1,AtR,,TBA,TBA,45
DEV596,3.0,2,GrG,,TBA,TBA,45
DEV596,3.0,3,AAR,,TBA,TBA,45
DEV596,3.0,4,GHA,,TBA,TBA,45
DEV596,3.0,5,SBn,,TBA,TBA,45
DEV596,3.0,6,ISN,,TBA,TBA,45
DEV596,3.0,7,NzM1,,TBA,TBA,45
DEV596,3.0,8,NrA,,TBA,TBA,45
DEV596,3.0,9,NyS,,TBA,TBA,45
DEV596,3.0,10,AKP,,TBA,TBA,45
DEV596,3.0,11,SME,,TBA,TBA,45
DEV596,3.0,12,MUK,,TBA,TBA,45
DEV596,3.0,13,TPA,,TBA,TBA,45
DEV596,3.0,14,JVHn,,TBA,TBA,45
DEV596,3.0,15,SaKn,,TBA,TBA,45
DEV596,3.0,16,SFY,,TBA,TBA,45
DEV596,3.0,17,TBA,,TBA,TBA,45
DEV596,3.0,18,TBA,,TBA,TBA,45
ECO101,3.0,1,Mzq,MW,08:00 AM - 09:30 AM,NAC401,33
ECO101,3.0,2,AqRm,RA,09:40 AM - 11:10 AM,NAC402,25
ECO101,3.0,3,AYO,MW,04:20 PM - 05:50 PM,NAC605,34
ECO101,3.0,4,AAR,RA,11:20 AM - 12:50 PM,NAC401,31
ECO101,3.0,5,Stq,ST,08:00 AM - 09:30 AM,NAC415,78
ECO101,3.0,6,AAR,MW,11:20 AM - 12:50 PM,NAC401,26
ECO101,3.0,7,AAR,RA,01:00 PM - 02:30 PM,NAC401,34
ECO101,3.0,8,MnA2,RA,01:00 PM - 02:30 PM,NAC413,33
ECO101,3.0,9,Ans,RA,08:00 AM - 09:30 AM,NAC401,35
ECO101,3.0,10,SFY,ST,01:00 PM - 02:30 PM,NAC403,3
ECO101,3.0,11,Abt,ST,09:40 AM - 11:10 AM,NAC402,34
ECO101,3.0,12,MnA2,RA,06:00 PM - 07:30 PM,NAC403,35
ECO101,3.0,13,Ans,RA,09:40 AM - 11:10 AM,NAC401,34
ECO101,3.0,14,Mzq,MW,09:40 AM - 11:10 AM,NAC403,34
ECO101,3.0,15,SBAD,ST,02:40 PM - 04:10 PM,NAC412,35
ECO101,3.0,16,Mzq,RA,11:20 AM - 12:50 PM,NAC413,33
ECO101,3.0,17,SFY,RA,04:20 PM - 05:50 PM,NAC512A,35
ECO101,3.0,18,Stq,ST,09:40 AM - 11:10 AM,NAC412,35
ECO101,3.0,19,SME,ST,11:20 AM - 12:50 PM,NAC402,35
ECO101,3.0,20,RsA,ST,01:00 PM - 02:30 PM,NAC604,33
ECO101,3.0,21,ISN,ST,09:40 AM - 11:10 AM,NAC602,35
ECO101,3.0,22,SaKn,RA,01:00 PM - 02:30 PM,NAC402,35
ECO101,3.0,23,SaKn,RA,02:40 PM - 04:10 PM,NAC402,34
ECO101,3.0,24,AYO,ST,02:40 PM - 04:10 PM,NAC403,35
ECO101,3.0,25,CNq,MW,09:40 AM - 11:10 AM,NAC605,33
ECO101,3.0,26,Abt,RA,06:00 PM - 07:30 PM,NAC401,35
ECO101,3.0,27,Abt,RA,04:20 PM - 05:50 PM,NAC412,35
ECO101,3.0,28,RfAh,RA,09:40 AM - 11:10 AM,NAC412,35
ECO101,3.0,29,ASRN,RA,04:20 PM - 05:50 PM,NAC605,35
ECO101,3.0,30,Nnm,RA,09:40 AM - 11:10 AM,NAC604,35
ECO101,3.0,31,Nnm,RA,11:20 AM - 12:50 PM,NAC604,35
ECO101,3.0,32,RDB,ST,01:00 PM - 02:30 PM,NAC412,35
ECO101,3.0,33,ABA,ST,06:00 PM - 07:30 PM,NAC401,35
ECO101,3.0,34,SaKn,RA,04:20 PM - 05:50 PM,NAC403,35
ECO101,3.0,35,MUK,MW,09:40 AM - 11:10 AM,NAC602,35
ECO101,3.0,36,SaKn,ST,09:40 AM - 11:10 AM,NAC605,35
ECO101,3.0,39,CNq,MW,08:00 AM - 09:30 AM,NAC605,35
ECO101,3.0,40,ACD,ST,04:20 PM - 05:50 PM,NAC211,80
ECO101,3.0,41,AqRm,RA,01:00 PM - 02:30 PM,NAC604,5
ECO101,3.0,42,SBAD,ST,04:20 PM - 05:50 PM,NAC412,35
ECO101,3.0,44,ACD,ST,06:00 PM - 07:30 PM,NAC402,35
ECO101,3.0,45,MMDR,RA,09:40 AM - 11:10 AM,NAC605,35
ECO101,3.0,46,PSk,ST,06:00 PM - 07:30 PM,NAC403,35
ECO101,3.0,47,RDB,MW,02:40 PM - 04:10 PM,NAC412,35
ECO101,3.0,48,RDB,ST,04:20 PM - 05:50 PM,NAC402,35
ECO101,3.0,49,MUK,MW,01:00 PM - 02:30 PM,NAC605,35
ECO101,3.0,50,ABA,MW,08:00 AM - 09:30 AM,NAC412,35
ECO101,3.0,51,AqRm,RA,02:40 PM - 04:10 PM,NAC413,35
ECO101,3.0,52,PSK,ST,04:20 PM - 05:50 PM,NAC605,35
ECO103,3.0,1,MSSK,ST,06:00 PM - 07:30 PM,NAC211,70
ECO103,3.0,2,MSSK,MW,06:00 PM - 07:30 PM,NAC211,70
ECO103,3.0,3,RFAD,RA,02:40 PM - 04:10 PM,SAC314,35
ECO104,3.0,1,Stq,MW,04:20 PM - 05:50 PM,NAC403,35
ECO104,3.0,2,Stq,MW,06:00 PM - 07:30 PM,NTR1001,80
ECO104,3.0,3,Nnm,MW,09:40 AM - 11:10 AM,NAC604,35
ECO104,3.0,4,Nnm,MW,11:20 AM - 12:50 PM,NAC604,35
ECO104,3.0,5,AKP,RA,11:20 AM - 12:50 PM,NAC402,35
ECO104,3.0,6,ACD,RA,02:40 PM - 04:10 PM,NAC412,35
ECO104,3.0,7,RsA,MW,01:00 PM - 02:30 PM,NAC602,35
ECO104,3.0,8,MCw,ST,09:40 AM - 11:10 AM,NAC403,35
ECO104,3.0,10,GHA,MW,01:00 PM - 02:30 PM,NAC403,35
ECO104,3.0,11,SBAD,MW,02:40 PM - 04:10 PM,NAC402,35
ECO104,3.0,12,TBA,ST,11:20 AM - 12:50 PM,NAC605,35
ECO104,3.0,13,TPA,MW,02:40 PM - 04:10 PM,NAC401,34
ECO104,3.0,14,AKP,ST,01:00 PM - 02:30 PM,NAC402,35
ECO104,3.0,15,AKP,ST,02:40 PM - 04:10 PM,NAC402,35
ECO104,3.0,16,MnA2,RA,04:20 PM - 05:50 PM,NAC211,80
ECO104,3.0,17,AqRm,MW,04:20 PM - 05:50 PM,NAC412,35
ECO104,3.0,18,Ans,RA,01:00 PM - 02:30 PM,NAC412,35
ECO104,3.0,19,JVHn,RA,11:20 AM - 12:50 PM,NAC403,35
ECO104,3.0,20,AqRm,MW,02:40 PM - 04:10 PM,NAC602,35
ECO104,3.0,21,SBAD,MW,04:20 PM - 05:50 PM,NAC402,35
ECO104,3.0,22,GHA,MW,04:20 PM - 05:50 PM,NAC401,35
ECO104,3.0,23,PSk,MW,11:20 AM - 12:50 PM,NAC412,35
ECO104,3.0,24,PSk,MW,02:40 PM - 04:10 PM,NAC403,35
ECO104,3.0,25,ACD,RA,06:00 PM - 07:30 PM,NTR1001,80
ECO135,3.0,1,SFY,ST,02:40 PM - 04:10 PM,NAC605,35
ECO135,3.0,2,Abt,ST,08:00 AM - 09:30 AM,NAC402,35
ECO135,3.0,3,CNq,ST,11:20 AM - 12:50 PM,NAC403,35
ECO172,3.0,1,MMDR,RA,11:20 AM - 12:50 PM,NAC605,35
ECO172,3.0,2,ABA,MW,09:40 AM - 11:10 AM,NAC412,35
ECO172,3.0,3,Mzq,RA,01:00 PM - 02:30 PM,NAC605,35
ECO173,3.0,1,GrG,ST,09:40 AM - 11:10 AM,NAC401,35
ECO173,3.0,2,GrG,ST,11:20 AM - 12:50 PM,NAC401,35
ECO173,3.0,3,AYO,MW,01:00 PM - 02:30 PM,NAC412,35
ECO201,3.0,1,MUK,MW,02:40 PM - 04:10 PM,NAC605,35
ECO201,3.0,2,RfAh,RA,11:20 AM - 12:50 PM,NAC412,35
ECO201,3.0,3,RDB,MW,11:20 AM - 12:50 PM,NAC403,35
ECO204,3.0,1,AtR,MW,11:20 AM - 12:50 PM,NAC605,35
ECO204,3.0,2,GHA,ST,01:00 PM - 02:30 PM,NAC401,35
ECO204,3.0,3,JVHN,RA,09:40 AM - 11:10 AM,NAC403,40
ECO245,3.0,1,AYO,ST,11:20 AM - 12:50 PM,NAC412,35
ECO245,3.0,2,CNq,ST,08:00 AM - 09:30 AM,NAC401,35
ECO301,3.0,1,TPA,MW,09:40 AM - 11:10 AM,NAC402,35
ECO301,3.0,2,RfAh,RA,02:40 PM - 04:10 PM,NAC403,35
ECO304,3.0,1,MCw,MW,09:40 AM - 11:10 AM,NAC401,35
ECO304,3.0,2,JVHn,RA,02:40 PM - 04:10 PM,NAC401,35
ECO309,3.0,1,ABA,ST,04:20 PM - 05:50 PM,NAC403,35
ECO317,3.0,1,MCw,MW,11:20 AM - 12:50 PM,NAC402,35
ECO328,3.0,1,MMDR,RA,02:40 PM - 04:10 PM,NAC605,35
ECO348,3.0,1,ISN,ST,01:00 PM - 02:30 PM,NAC605,35
ECO372,3.0,1,SBn,MW,01:00 PM - 02:30 PM,NAC401,35
ECO372,3.0,2,SME,ST,02:40 PM - 04:10 PM,NAC401,35
ECO406,3.0,1,AAR,MW,01:00 PM - 02:30 PM,NAC402,35
ECO415,3.0,1,GHA,ST,04:20 PM - 05:50 PM,NAC401,35
ECO430,3.0,1,JVHn,RA,04:20 PM - 05:50 PM,NAC401,35
ECO441,3.0,1,TPA,MW,11:20 AM - 12:50 PM,NAC602,35
ECO490,3.0,1,AtR,MW,02:40 PM - 04:10 PM,NAC604,35
ECO503,3.0,1,TPA,F,03:00 PM - 06:30 PM,NAC402,35
ECO504,3.0,1,AKP,A,03:00 PM - 06:10 PM,NAC509,35
ECO514,3.0,1,AtR,S,07:00 PM - 10:10 PM,NAC406,34
ECO614,3.0,1,JVHn,W,07:00 PM - 10:10 PM,NAC410,35
ECO653,3.0,1,MMDR,F,09:00 AM - 12:30 PM,NAC403,35
ECO684,3.0,1,MCw,T,07:00 PM - 10:10 PM,NAC410,35
ECO686,3.0,1,RfAh,M,07:00 PM - 10:10 PM,NAC410,35
ECO689,3.0,1,NzM1,A,07:00 PM - 10:10 PM,NAC410,35
ECO695,3.0,1,AtR,,TBA,TBA,45
ECO695,3.0,2,GrG,,TBA,TBA,45
ECO695,3.0,3,AAR,,TBA,TBA,45
ECO695,3.0,4,GHA,,TBA,TBA,45
ECO695,3.0,5,SBn,,TBA,TBA,45
ECO695,3.0,6,ISN,,TBA,TBA,45
ECO695,3.0,7,NzM1,,TBA,TBA,45
ECO695,3.0,8,AKP,,TBA,TBA,45
ECO695,3.0,9,MCw,,TBA,TBA,45
ECO695,3.0,10,SME,,TBA,TBA,45
ECO695,3.0,11,MUK,,TBA,TBA,45
ECO695,3.0,12,TPA,,TBA,TBA,45
ECO695,3.0,13,JVHn,,TBA,TBA,45
ECO695,3.0,14,RfAh,,TBA,TBA,45
ECO695,3.0,15,SaKn,,TBA,TBA,45
ECO695,3.0,16,AYO,,TBA,TBA,45
ECO695,3.0,17,SFY,,TBA,TBA,45
ECO695,3.0,18,MMDR,,TBA,TBA,45
ECO695,3.0,19,SBAD,,TBA,TBA,45
ECO695,3.0,20,RDB,,TBA,TBA,45
ECO695,3.0,21,TBA,,TBA,TBA,45
ECO695,3.0,22,TBA,,TBA,TBA,45
ECO699,3.0,1,AtR,,TBA,TBA,45
ECO699,3.0,2,GrG,,TBA,TBA,45
ECO699,3.0,3,AAR,,TBA,TBA,45
ECO699,3.0,4,GHA,,TBA,TBA,45
ECO699,3.0,5,SBn,,TBA,TBA,45
ECO699,3.0,6,ISN,,TBA,TBA,45
ECO699,3.0,7,NzM1,,TBA,TBA,45
ECO699,3.0,8,AKP,,TBA,TBA,45
ECO699,3.0,9,MCw,,TBA,TBA,45
ECO699,3.0,10,SME,,TBA,TBA,45
ECO699,3.0,11,MUK,,TBA,TBA,45
ECO699,3.0,12,TPA,,TBA,TBA,45
ECO699,3.0,13,JVHn,,TBA,TBA,45
ECO699,3.0,14,RfAh,,TBA,TBA,45
ECO699,3.0,15,SaKn,,TBA,TBA,45
ECO699,3.0,16,AYO,,TBA,TBA,45
ECO699,3.0,17,SFY,,TBA,TBA,45
ECO699,3.0,18,MMDR,,TBA,TBA,45
ECO699,3.0,19,SBAD,,TBA,TBA,45
ECO699,3.0,20,RDB,,TBA,TBA,45
ECO699,3.0,21,TBA,,TBA,TBA,45
ECO699,3.0,22,TBA,,TBA,TBA,45
EEE111/ETE111,3.0,1,Aqu,MW,09:40 AM - 11:10 AM,SAC502,35
EEE111/ETE111,3.0,2,lih,RA,09:40 AM - 11:10 AM,SAC311,35
EEE111/ETE111,3.0,3,NCK,ST,09:40 AM - 11:10 AM,SAC209,35
EEE111/ETE111,3.0,4,MSLK,RA,02:40 PM - 04:10 PM,SAC511,35
EEE111/ETE111,3.0,5,Rtk,ST,01:00 PM - 02:30 PM,SAC511,35
EEE111/ETE111,3.0,6,NaNr,MW,08:00 AM - 09:30 AM,NAC992,35
EEE111/ETE111,3.0,7,NaNr,MW,02:40 PM - 04:10 PM,SAC316,35
EEE111/ETE111,3.0,8,MSLK,RA,09:40 AM - 11:10 AM,SAC307,35
EEE111/ETE111,3.0,9,Mkl,ST,02:40 PM - 04:10 PM,SAC207,35
EEE111/ETE111,3.0,10,JSA,ST,01:00 PM - 02:30 PM,SAC307,35
EEE111/ETE111,3.0,11,JSA,ST,02:40 PM - 04:10 PM,SAC307,35
EEE111/ETE111,3.0,12,SSH1,MW,01:00 PM - 02:30 PM,SAC503,35
EEE111/ETE111,3.0,13,SSH1,MW,02:40 PM - 04:10 PM,SAC503,35
EEE111/ETE111,3.0,14,SvS,ST,02:40 PM - 04:10 PM,SAC503,35
EEE111/ETE111,3.0,15,SvS,ST,04:20 PM - 05:50 PM,SAC207,35
EEE111/ETE111,3.0,18,ACQ,RA,02:40 PM - 04:10 PM,SAC308,35
EEE111/ETE111,3.0,19,HAI,RA,09:40 AM - 11:10 AM,SAC503,35
EEE111L/ETE111L,3.0,1,Aqu,T,02:40 PM - 05:50 PM,SAC504,35
EEE111L/ETE111L,3.0,2,lih,A,11:20 AM - 02:30 PM,SAC504,35
EEE111L/ETE111L,3.0,3,NCK,S,02:40 PM - 05:50 PM,SAC504,35
EEE111L/ETE111L,3.0,4,MSLK,T,02:40 PM - 05:50 PM,SAC508,35
EEE111L/ETE111L,3.0,5,RtK,T,08:00 AM - 11:10 AM,SAC504,35
EEE111L/ETE111L,3.0,6,NaNr,M,11:20 AM - 02:30 PM,SAC504,35
EEE111L/ETE111L,3.0,7,NaNr,W,11:20 AM - 02:30 PM,SAC504,35
EEE111L/ETE111L,3.0,8,MSLK,R,11:20 AM - 02:30 PM,SAC504,35
EEE111L/ETE111L,3.0,9,Mkl,R,08:00 AM - 11:10 AM,SAC504,35
EEE111L/ETE111L,3.0,10,JSA,S,08:00 AM - 11:10 AM,SAC504,35
EEE111L/ETE111L,3.0,11,JSA,T,08:00 AM - 11:10 AM,SAC506,35
EEE111L/ETE111L,3.0,12,SSH1,M,08:00 AM - 11:10 AM,SAC504,35
EEE111L/ETE111L,3.0,13,SSH1,W,08:00 AM - 11:10 AM,SAC504,35
EEE111L/ETE111L,3.0,14,SvS,S,08:00 AM - 11:10 AM,SAC508,35
EEE111L/ETE111L,3.0,15,SVS,T,08:00 AM - 11:10 AM,SAC508,35
EEE111L/ETE111L,3.0,18,ACQ,W,11:20 AM - 02:30 PM,SAC506,35
EEE111L/ETE111L,3.0,19,HAI,A,11:20 AM - 02:30 PM,SAC506,35
EEE141/ETE141,3.0,1,mtn,ST,11:20 AM - 12:50 PM,SAC308,0
EEE141/ETE141,3.0,2,mtn,MW,11:20 AM - 12:50 PM,SAC308,0
EEE141/ETE141,3.0,3,KAS,MW,09:40 AM - 11:10 AM,SAC511,0
EEE141/ETE141,3.0,4,lih,RA,08:00 AM - 09:30 AM,SAC311,0
EEE141/ETE141,3.0,5,KMM,ST,09:40 AM - 11:10 AM,SAC207,0
EEE141/ETE141,3.0,6,KMM,MW,09:40 AM - 11:10 AM,SAC207,33
EEE141/ETE141,3.0,7,Rtk,MW,01:00 PM - 02:30 PM,SAC310,35
EEE141/ETE141,3.0,9,SSH1,RA,11:20 AM - 12:50 PM,SAC310,35
EEE141/ETE141,3.0,10,SSH1,RA,01:00 PM - 02:30 PM,SAC310,35
EEE141,3.0,11,AbO,ST,04:20 PM - 05:50 PM,SAC307,35
EEE141/ETE141,3.0,12,FKR,MW,04:20 PM - 05:50 PM,SAC502,35
EEE141/ETE141,3.0,13,MFT,MW,09:40 AM - 11:10 AM,SAC316,35
EEE141/ETE141,3.0,14,MFT,MW,11:20 AM - 12:50 PM,SAC316,35
EEE141/ETE141,3.0,15,AyL,RA,09:40 AM - 11:10 AM,NAC992,35
EEE141L/ETE141L,3.0,1,mtn,S,02:40 PM - 05:50 PM,SAC508,0
EEE141L/ETE141L,3.0,2,mtn,M,02:40 PM - 05:50 PM,SAC508,0
EEE141L/ETE141L,3.0,3,KAS,M,11:20 AM - 02:30 PM,SAC508,0
EEE141L/ETE141L,3.0,4,lih,R,11:20 AM - 02:30 PM,SAC508,0
EEE141L/ETE141L,3.0,5,KMM,S,02:40 PM - 05:50 PM,SAC506,0
EEE141L/ETE141L,3.0,6,KMM,W,11:20 AM - 02:30 PM,SAC508,33
EEE141L/ETE141L,3.0,7,Rtk,M,08:00 AM - 11:10 AM,SAC508,35
EEE141L/ETE141L,3.0,8,Rqn,S,11:20 AM - 02:30 PM,SAC508,35
EEE141L/ETE141L,3.0,9,SSH1,R,08:00 AM - 11:10 AM,SAC508,35
EEE141L/ETE141L,3.0,10,SSH1,A,08:00 AM - 11:10 AM,SAC508,35
EEE141L/ETE141L,3.0,11,AbO,T,11:20 AM - 02:30 PM,SAC508,35
EEE141L/ETE141L,3.0,12,FKr,M,08:00 AM - 11:10 AM,SAC506,35
EEE141L/ETE141L,3.0,13,MFT,M,02:40 PM - 05:50 PM,SAC506,35
EEE141L/ETE141L,3.0,14,MFT,W,02:40 PM - 05:50 PM,SAC506,35
EEE141L/ETE141L,3.0,15,AyL,A,02:40 PM - 05:50 PM,SAC508,35
EEE154,3.0,1,JSA,W,09:40 AM - 11:10 AM,LIB608,7
EEE154,3.0,2,MFY,A,01:00 PM - 02:30 PM,LIB606,19
EEE154,3.0,3,MFY,R,04:20 PM - 05:50 PM,LIB606,19
EEE154,3.0,4,ACQ,R,08:00 AM - 09:30 AM,LIB608,21
EEE154,3.0,5,ACQ,R,09:40 AM - 11:10 AM,LIB608,17
EEE154,3.0,6,ACQ,A,08:00 AM - 09:30 AM,LIB608,21
EEE154,3.0,7,MWN,R,01:00 PM - 02:30 PM,LIB608,19
EEE154,3.0,8,MWN,R,02:40 PM - 04:10 PM,LIB608,20
EEE154,3.0,9,MWN,A,09:40 AM - 11:10 AM,LIB608,20
EEE154,3.0,10,MWN,A,11:20 AM - 12:50 PM,LIB608,21
EEE154,3.0,11,MWN,A,01:00 PM - 02:30 PM,LIB608,21
EEE154,3.0,12,MWN,R,04:20 PM - 05:50 PM,LIB608,21
EEE154,3.0,13,MSRH,R,08:00 AM - 09:30 AM,LIB606,21
EEE154,3.0,14,MSRH,R,09:40 AM - 11:10 AM,LIB606,21
EEE154,3.0,15,MSRH,R,11:20 AM - 12:50 PM,LIB606,21
EEE154,3.0,16,MSRH,A,08:00 AM - 09:30 AM,LIB606,21
EEE154,3.0,17,MSRH,A,09:40 AM - 11:10 AM,LIB606,21
EEE154,3.0,18,MSRH,A,11:20 AM - 12:50 PM,LIB606,21
EEE154,3.0,19,MSRH,R,01:00 PM - 02:30 PM,LIB606,21
EEE154,3.0,20,SFA,M,04:20 PM - 05:50 PM,LIB608,21
EEE154,3.0,21,SFA,W,04:20 PM - 05:50 PM,LIB608,21
EEE221/ETE221,3.0,1,Mdy,MW,04:20 PM - 05:50 PM,SAC511,35
EEE221/ETE221,3.0,2,FQC,MW,01:00 PM - 02:30 PM,SAC205,35
EEE221/ETE221,3.0,3,FKr,MW,02:40 PM - 04:10 PM,SAC502,35
EEE241/ETE241,3.0,1,AJH,MW,02:40 PM - 04:10 PM,SAC210,35
EEE241/ETE241,3.0,2,AbO,ST,02:40 PM - 04:10 PM,SAC502,35
EEE241/ETE241,3.0,3,AbO,MW,04:20 PM - 05:50 PM,SAC207,35
EEE241/ETE241,3.0,4,RQN,ST,04:20 PM - 05:50 PM,NAC620,35
EEE241/ETE241,3.0,5,MFy,RA,08:00 AM - 09:30 AM,SAC316,35
EEE241L/ETE241L,3.0,1,AJH,M,11:20 AM - 02:30 PM,SAC506,35
EEE241L/ETE241L,3.0,2,AbO,S,08:00 AM - 11:10 AM,SAC506,35
EEE241L/ETE241L,3.0,3,AbO,W,08:00 AM - 11:10 AM,SAC506,35
EEE241L/ETE241L,3.0,4,Rqn,T,11:20 AM - 02:30 PM,SAC504,35
EEE241L/ETE241L,3.0,5,MFy,A,11:20 AM - 02:30 PM,SAC508,35
EEE299/ETE299,3.0,1,KMM,T,11:20 AM - 12:50 PM,LIB605,21
EEE299/ETE299,3.0,2,NANR,T,11:20 AM - 12:50 PM,LIB606,21
EEE299/ETE299,3.0,3,FMZN,R,02:40 PM - 04:10 PM,LIB611,21
EEE299/ETE299,3.0,4,FMA,R,04:20 PM - 05:50 PM,LIB611,21
EEE299/ETE299,3.0,5,MOJ,W,09:40 AM - 11:10 AM,LIB609,21
EEE311/ETE311,3.0,1,MOJ,ST,02:40 PM - 04:10 PM,SAC210,35
EEE311/ETE311,3.0,2,MOJ,ST,04:20 PM - 05:50 PM,SAC210,35
EEE311/ETE311,3.0,3,Mkl,MW,01:00 PM - 02:30 PM,SAC207,35
EEE311/ETE311,3.0,4,Mkl,MW,04:20 PM - 05:50 PM,SAC308,35
EEE311L/ETE311L,3.0,1,Moj,S,11:20 AM - 02:30 PM,SAC506,35
EEE311L/ETE311L,3.0,2,Moj,T,11:20 AM - 02:30 PM,SAC506,35
EEE311L/ETE311L,3.0,3,Mkl,R,11:20 AM - 02:30 PM,SAC506,35
EEE311L/ETE311L,3.0,4,Mkl,R,02:40 PM - 05:50 PM,SAC506,35
EEE312/ETE312,3.0,1,AyL,RA,08:00 AM - 09:30 AM,SAC209,35
EEE312/ETE312,3.0,2,MFy,ST,08:00 AM - 09:30 AM,SAC209,35
EEE312/ETE312,3.0,3,NCK,MW,11:20 AM - 12:50 PM,SAC502,35
EEE312L/ETE312L,3.0,1,AyL,R,11:20 AM - 02:30 PM,SAC501,35
EEE312L/ETE312L,3.0,2,MFy,T,11:20 AM - 02:30 PM,SAC501,35
EEE312L/ETE312L,3.0,3,NCK,M,08:00 AM - 11:10 AM,SAC501,35
EEE321/ETE321,3.0,1,FMZN,MW,01:00 PM - 02:30 PM,SAC306,35
EEE321/ETE321,3.0,2,FMZN,MW,04:20 PM - 05:50 PM,SAC311,35
EEE321/ETE321,3.0,3,FQC,MW,04:20 PM - 05:50 PM,SAC307,35
EEE321L/ETE321L,3.0,1,FMZN,M,08:00 AM - 11:10 AM,LIB606,35
EEE321L/ETE321L,3.0,2,FMZN,W,08:00 AM - 11:10 AM,LIB606,35
EEE321L/ETE321L,3.0,3,FQC,R,08:00 AM - 11:10 AM,LIB607,35
EEE342/ETE418,3.0,1,lih,ST,09:40 AM - 11:10 AM,SAC210,35
EEE342/ETE418,3.0,2,SnS1,ST,11:20 AM - 12:50 PM,NAC992,35
EEE342/ETE418,3.0,3,SVS,MW,04:20 PM - 05:50 PM,SAC503,35
EEE361/ETE361,3.0,1,Mdy,ST,02:40 PM - 04:10 PM,SAC316,35
EEE361/ETE361,3.0,2,Mdy,ST,04:20 PM - 05:50 PM,SAC316,35
EEE361/ETE361,3.0,3,NCK,ST,01:00 PM - 02:30 PM,SAC316,35
EEE362,3.0,1,AJH,ST,01:00 PM - 02:30 PM,SAC308,35
EEE362,3.0,2,AJH,ST,02:40 PM - 04:10 PM,SAC308,35
EEE362,3.0,3,MFY,MW,06:00 PM - 07:30 PM,SAC304,35
EEE362L,3.0,1,AJH,S,08:00 AM - 11:10 AM,SAC501,35
EEE362L,3.0,2,AJH,T,08:00 AM - 11:10 AM,SAC501,35
EEE362L,3.0,3,MFY,S,11:20 AM - 02:30 PM,SAC501,35
EEE363,3.0,1,Aqu,ST,09:40 AM - 11:10 AM,NAC993,35
EEE363,3.0,2,Aqu,ST,11:20 AM - 12:50 PM,NAC993,35
EEE363,3.0,3,NqH,ST,08:00 AM - 09:30 AM,SAC310,35
EEE363,3.0,4,NqH,ST,11:20 AM - 12:50 PM,SAC503,35
EEE363L,3.0,1,Aqu,M,11:20 AM - 02:30 PM,SAC501,35
EEE363L,3.0,2,Aqu,W,11:20 AM - 02:30 PM,SAC501,35
EEE363L,3.0,3,NqH,S,02:40 PM - 05:50 PM,SAC501,35
EEE363L,3.0,4,NqH,T,02:40 PM - 05:50 PM,SAC501,35
EEE415,3.0,1,NaNr,ST,08:00 AM - 09:30 AM,SAC316,35
EEE452,3.0,1,Rkz,ST,09:40 AM - 11:10 AM,SAC307,35
EEE452,3.0,2,Rkz,ST,11:20 AM - 12:50 PM,SAC307,35
EEE452,3.0,3,Rkz,MW,09:40 AM - 11:10 AM,SAC307,35
EEE452,3.0,4,Rkz,MW,11:20 AM - 12:50 PM,SAC307,35
EEE452,3.0,5,FQC,RA,01:00 PM - 02:30 PM,SAC307,35
EEE452,3.0,6,FQC,RA,04:20 PM - 05:50 PM,SAC307,35
EEE452,3.0,7,NqH,MW,08:00 AM - 09:30 AM,SAC310,35
EEE452,3.0,8,NqH,MW,09:40 AM - 11:10 AM,SAC503,35
EEE452,3.0,9,FKr,RA,02:40 PM - 04:10 PM,SAC306,35
EEE452,3.0,10,FKr,RA,04:20 PM - 05:50 PM,SAC306,35
EEE452,3.0,11,HAI,RA,08:00 AM - 09:30 AM,SAC304,35
EEE452,3.0,12,SHL,MW,04:20 PM - 05:50 PM,SAC205,35
EEE452,3.0,13,AVC,MW,08:00 AM - 09:30 AM,SAC207,35
EEE462,3.0,1,MDRN,RA,04:20 PM - 05:50 PM,SAC308,35
EEE465,3.0,1,MDRN,RA,02:40 PM - 04:10 PM,SAC502,35
EEE468,3.0,1,MFY,MW,04:20 PM - 05:50 PM,SAC209,35
EEE498R,3.0,1,TBA,,TBA,TBA,16
EEE498R,3.0,2,TBA,,TBA,TBA,16
EEE498R,3.0,3,TBA,,TBA,TBA,16
EEE498R,3.0,4,TBA,,TBA,TBA,16
EEE498R,3.0,5,TBA,,TBA,TBA,16
EEE498R,3.0,6,TBA,,TBA,TBA,16
EEE498R,3.0,7,TBA,,TBA,TBA,16
EEE498R,3.0,8,TBA,,TBA,TBA,16
EEE498R,3.0,9,TBA,,TBA,TBA,16
EEE498R,3.0,10,TBA,,TBA,TBA,16
EEE512,3.0,1,TBA,F,07:00 PM - 10:10 PM,SAC305,35
EEE528,3.0,1,lih,T,07:00 PM - 10:10 PM,SAC316,33
EEE552,3.0,1,AJH,W,07:00 PM - 10:10 PM,SAC316,34
EMB500,3.0,3,SRUA,A,12:15 PM - 02:45 PM,NAC1077,0
EMB501,3.0,1,AbSA,F,07:00 PM - 10:10 PM,NAC604,30
EMB502,3.0,1,GrG,R,07:00 PM - 10:10 PM,NAC603,30
EMB510,3.0,1,MdMZ,F,09:00 AM - 12:30 PM,NAC619,30
EMB520,3.0,1,Mjj,A,07:00 PM - 10:10 PM,NAC512A,30
EMB601,3.0,1,NZQ,R,07:00 PM - 10:10 PM,NAC602,30
EMB602,3.0,1,Tfq,A,07:00 PM - 10:10 PM,NAC508,30
EMB620,3.0,1,Miz,F,07:00 PM - 10:10 PM,NAC601,30
EMB650,3.0,1,AdZ,F,07:00 PM - 10:10 PM,NAC602,30
EMB660,3.0,1,AUM,F,09:00 AM - 12:30 PM,NAC603,30
EMB670,3.0,1,IRH,R,07:00 PM - 10:10 PM,NAC512A,30
EMB690,3.0,1,MHDN,A,07:00 PM - 10:10 PM,NAC510,30
EMPG500,3.0,1,RZK,A,09:30 AM - 12:00 PM,NAC1077,35
EMPG510,3.0,1,RZU,A,03:15 PM - 05:45 PM,NAC1079,35
EMPG515,3.0,1,MFM,F,09:00 AM - 12:30 PM,NAC1077,35
EMPG520,3.0,1,ZIM,A,09:30 AM - 12:00 PM,NAC1079,35
EMPG530,3.0,1,MFM,F,02:00 PM - 04:30 PM,NAC1077,35
EMPG540,3.0,1,DVC,F,09:00 AM - 12:30 PM,NAC1079,35
EMPG555,3.0,1,MGH,W,06:00 PM - 08:30 PM,NAC1079,35
EMPG570,3.0,1,SKT,A,03:15 PM - 05:45 PM,NAC1077,35
EMPH601,3.0,1,ZZS,F,03:00 PM - 06:00 PM,SAC207,40
EMPH605,3.0,1,MZIm,,TBA,TBA,45
EMPH609,3.0,1,MZIm,F,07:30 AM - 10:30 AM,SAC207,40
EMPH611,3.0,1,TBA,F,07:30 AM - 10:30 AM,SAC209,40
EMPH631,3.0,1,TBA,F,06:10 PM - 09:00 PM,SAC208,40
EMPH642,3.0,1,SBAH,F,10:35 AM - 01:20 PM,SAC210,40
EMPH644,3.0,1,SMSR,F,06:10 PM - 09:00 PM,SAC209,40
EMPH663,3.0,1,SzP,F,06:10 PM - 09:00 PM,SAC211,40
EMPH672,3.0,1,HtN,F,10:35 AM - 01:20 PM,SAC208,40
EMPH681,3.0,1,BCh,F,10:35 AM - 01:20 PM,SAC209,40
EMPH704,3.0,1,ZqAA,F,07:30 AM - 10:30 AM,SAC211,40
EMPH711,3.0,1,Hmn,F,07:30 AM - 10:30 AM,SAC210,40
EMPH712,3.0,1,SMSR,F,10:35 AM - 01:20 PM,SAC207,40
EMPH713,3.0,1,BCh,F,07:30 AM - 10:30 AM,SAC208,40
EMPH742,3.0,1,MTI,F,03:00 PM - 06:00 PM,SAC208,40
EMPH805,3.0,1,MZIm,,TBA,TBA,45
EMPH806,3.0,1,MZIm,,TBA,TBA,45
EMPH842,3.0,1,HtN,F,06:10 PM - 09:00 PM,SAC210,40
ENG102,3.0,1,NPn,ST,08:00 AM - 09:30 AM,NAC208,0
ENG102,3.0,2,MaNa,ST,08:00 AM - 09:30 AM,NAC408,0
ENG102,3.0,3,HSh,ST,08:00 AM - 09:30 AM,NAC601,0
ENG102,3.0,4,FHs,ST,09:40 AM - 11:10 AM,NAC207,0
ENG102,3.0,5,FHs,ST,11:20 AM - 12:50 PM,NAC203,0
ENG102,3.0,6,Ssy,ST,11:20 AM - 12:50 PM,NAC409,0
ENG102,3.0,7,SlQ,ST,11:20 AM - 12:50 PM,NAC514,0
ENG102,3.0,8,NWH,ST,01:00 PM - 02:30 PM,NAC203,0
ENG102,3.0,9,RNS,ST,01:00 PM - 02:30 PM,NAC208,0
ENG102,3.0,10,SlQ,ST,02:40 PM - 04:10 PM,NAC514,0
ENG102,3.0,11,RNS,ST,04:20 PM - 05:50 PM,NAC208,0
ENG102,3.0,12,TSHN,ST,04:20 PM - 05:50 PM,NAC302,0
ENG102,3.0,13,NWH,ST,04:20 PM - 05:50 PM,NAC505,0
ENG102,3.0,14,TBA,ST,04:20 PM - 05:50 PM,NAC514,0
ENG102,3.0,15,MaNa,MW,08:00 AM - 09:30 AM,NAC215,0
ENG102,3.0,16,NPn,MW,08:00 AM - 09:30 AM,NAC409,0
ENG102,3.0,17,SDMA,MW,08:00 AM - 09:30 AM,NAC505,0
ENG102,3.0,18,RTU,MW,08:00 AM - 09:30 AM,NAC509,0
ENG102,3.0,19,Ssy,MW,08:00 AM - 09:30 AM,NAC514,0
ENG102,3.0,20,HSh,MW,08:00 AM - 09:30 AM,NAC601,0
ENG102,3.0,21,Ssy,MW,09:40 AM - 11:10 AM,NAC514,0
ENG102,3.0,22,FzM,MW,11:20 AM - 12:50 PM,NAC203,0
ENG102,3.0,23,SDMA,MW,01:00 PM - 02:30 PM,NAC203,0
ENG102,3.0,24,Sye,MW,01:00 PM - 02:30 PM,NAC215,0
ENG102,3.0,25,SuT,MW,01:00 PM - 02:30 PM,NAC514,0
ENG102,3.0,26,MOE,MW,01:00 PM - 02:30 PM,NAC990,0
ENG102,3.0,27,FzM,MW,02:40 PM - 04:10 PM,NAC302,0
ENG102,3.0,28,RBI,MW,02:40 PM - 04:10 PM,NAC509,0
ENG102,3.0,29,FTN,MW,04:20 PM - 05:50 PM,NAC203,0
ENG102,3.0,30,RBI,MW,04:20 PM - 05:50 PM,NAC207,0
ENG102,3.0,31,MOE,MW,04:20 PM - 05:50 PM,NAC410,13
ENG102,3.0,32,SlQ,MW,04:20 PM - 05:50 PM,NAC514,28
ENG102,3.0,33,ZNP,ST,06:00 PM - 07:30 PM,NAC302,36
ENG102,3.0,34,AIZ,MW,06:00 PM - 07:30 PM,NAC302,30
ENG102,3.0,35,Sye,RA,08:00 AM - 09:30 AM,NAC207,0
ENG102,3.0,36,TBA,RA,08:00 AM - 09:30 AM,NAC208,15
ENG102,3.0,37,Sye,RA,09:40 AM - 11:10 AM,NAC203,0
ENG102,3.0,38,DBs,RA,09:40 AM - 11:10 AM,NAC208,1
ENG102,3.0,39,TRn,RA,09:40 AM - 11:10 AM,NAC302,0
ENG102,3.0,40,SEI,RA,09:40 AM - 11:10 AM,NAC621,0
ENG102,3.0,41,STSd,RA,11:20 AM - 12:50 PM,NAC214,0
ENG102,3.0,42,TRn,RA,11:20 AM - 12:50 PM,NAC302,0
ENG102,3.0,43,AHRF,RA,11:20 AM - 12:50 PM,NAC509,0
ENG102,3.0,44,TBA,RA,01:00 PM - 02:30 PM,NAC215,0
ENG102,3.0,45,TZN,RA,01:00 PM - 02:30 PM,NAC408,0
ENG102,3.0,46,TAA,RA,01:00 PM - 02:30 PM,NAC506,0
ENG102,3.0,47,AHRF,RA,01:00 PM - 02:30 PM,NAC509,20
ENG102,3.0,48,UMS,RA,02:40 PM - 04:10 PM,NAC203,0
ENG102,3.0,49,FY,RA,02:40 PM - 04:10 PM,NAC514,8
ENG102,3.0,50,HYM,RA,02:40 PM - 04:10 PM,NAC515,19
ENG102,3.0,51,STO,RA,04:20 PM - 05:50 PM,NAC203,13
ENG102,3.0,52,TZN,RA,04:20 PM - 05:50 PM,NAC408,34
ENG102,3.0,53,UMS,RA,04:20 PM - 05:50 PM,NAC409,38
ENG102,3.0,54,FY,RA,04:20 PM - 05:50 PM,NAC514,34
ENG102,3.0,55,TBA,MW,08:00 AM - 09:30 AM,NAC603,40
ENG103,3.0,1,TBA,ST,08:00 AM - 09:30 AM,NAC214,0
ENG103,3.0,2,TBA,ST,08:00 AM - 09:30 AM,NAC990,37
ENG103,3.0,3,MHn,ST,08:00 AM - 09:30 AM,NAC991,37
ENG103,3.0,4,FzM,ST,09:40 AM - 11:10 AM,NAC215,12
ENG103,3.0,5,AtB,ST,09:40 AM - 11:10 AM,NAC409,30
ENG103,3.0,6,MHn,ST,09:40 AM - 11:10 AM,NAC514,33
ENG103,3.0,7,Ssy,ST,09:40 AM - 11:10 AM,NAC990,30
ENG103,3.0,8,LMh,ST,11:20 AM - 12:50 PM,NAC208,11
ENG103,3.0,9,NCA,ST,01:00 PM - 02:30 PM,NAC207,32
ENG103,3.0,10,SuT,ST,01:00 PM - 02:30 PM,NAC408,31
ENG103,3.0,11,TSHN,ST,01:00 PM - 02:30 PM,SAC314,33
ENG103,3.0,12,NCA,ST,04:20 PM - 05:50 PM,NAC207,28
ENG103,3.0,13,TBA,ST,04:20 PM - 05:50 PM,NAC210,38
ENG103,3.0,14,SAKB,ST,04:20 PM - 05:50 PM,NAC408,38
ENG103,3.0,15,TZN,ST,04:20 PM - 05:50 PM,NAC409,38
ENG103,3.0,16,Sye,MW,08:00 AM - 09:30 AM,NAC208,33
ENG103,3.0,17,TRn,MW,08:00 AM - 09:30 AM,NAC408,36
ENG103,3.0,18,AtB,MW,09:40 AM - 11:10 AM,NAC203,16
ENG103,3.0,19,FHs,MW,09:40 AM - 11:10 AM,NAC207,34
ENG103,3.0,20,TRn,MW,11:20 AM - 12:50 PM,NAC207,30
ENG103,3.0,21,LMh,MW,11:20 AM - 12:50 PM,NAC514,34
ENG103,3.0,22,FHs,MW,01:00 PM - 02:30 PM,NAC207,33
ENG103,3.0,23,FAA,MW,01:00 PM - 02:30 PM,NAC302,36
ENG103,3.0,24,Szi,MW,01:00 PM - 02:30 PM,NAC409,38
ENG103,3.0,25,RNS,MW,02:40 PM - 04:10 PM,NAC514,40
ENG103,3.0,26,SSA2,MW,04:20 PM - 05:50 PM,NAC302,40
ENG103,3.0,27,FAA,MW,04:20 PM - 05:50 PM,NAC409,40
ENG103,3.0,28,AIZ,RA,08:00 AM - 09:30 AM,NAC203,34
ENG103,3.0,29,SEI,RA,08:00 AM - 09:30 AM,NAC215,40
ENG103,3.0,30,NHU,RA,08:00 AM - 09:30 AM,NAC408,39
ENG103,3.0,31,RT1,RA,08:00 AM - 09:30 AM,NAC411,40
ENG103,3.0,32,DBs,RA,08:00 AM - 09:30 AM,NAC503,40
ENG103,3.0,33,TAA,RA,08:00 AM - 09:30 AM,NAC505,40
ENG103,3.0,34,TBA,RA,08:00 AM - 09:30 AM,NAC509,39
ENG103,3.0,35,NSj,RA,08:00 AM - 09:30 AM,NAC990,39
ENG103,3.0,36,AIZ,RA,09:40 AM - 11:10 AM,NAC206,39
ENG103,3.0,37,RBI,RA,09:40 AM - 11:10 AM,NAC207,36
ENG103,3.0,38,TBA,RA,09:40 AM - 11:10 AM,NAC215,38
ENG103,3.0,39,MOE,RA,09:40 AM - 11:10 AM,NAC408,40
ENG103,3.0,40,TTM,RA,09:40 AM - 11:10 AM,NAC409,40
ENG103,3.0,41,TBA,RA,09:40 AM - 11:10 AM,NAC503,36
ENG103,3.0,42,RT1,RA,09:40 AM - 11:10 AM,NAC505,40
ENG103,3.0,43,NHU,RA,09:40 AM - 11:10 AM,NAC506,40
ENG103,3.0,44,TBA,RA,09:40 AM - 11:10 AM,NAC509,40
ENG103,3.0,45,RTU,RA,09:40 AM - 11:10 AM,SAC309,35
ENG103,3.0,46,NWH,RA,11:20 AM - 12:50 PM,NAC203,32
ENG103,3.0,47,RBI,RA,11:20 AM - 12:50 PM,NAC207,40
ENG103,3.0,48,TZN,RA,11:20 AM - 12:50 PM,NAC215,39
ENG103,3.0,49,TAA,RA,11:20 AM - 12:50 PM,NAC505,40
ENG103,3.0,50,STO,RA,01:00 PM - 02:30 PM,NAC203,31
ENG103,3.0,51,AIZ,RA,01:00 PM - 02:30 PM,NAC206,40
ENG103,3.0,52,MYL,RA,01:00 PM - 02:30 PM,NAC305,39
ENG103,3.0,53,TTM,RA,01:00 PM - 02:30 PM,NAC409,38
ENG103,3.0,54,TBA,RA,01:00 PM - 02:30 PM,NAC502,39
ENG103,3.0,55,SNCY,RA,01:00 PM - 02:30 PM,NAC515,40
ENG103,3.0,56,RT1,RA,01:00 PM - 02:30 PM,NAC621,40
ENG103,3.0,57,TBA,RA,01:00 PM - 02:30 PM,NAC990,38
ENG103,3.0,58,RBI,RA,02:40 PM - 04:10 PM,NAC207,38
ENG103,3.0,59,TBA,RA,02:40 PM - 04:10 PM,NAC208,40
ENG103,3.0,60,ZQH,RA,02:40 PM - 04:10 PM,NAC214,35
ENG103,3.0,61,STO,RA,02:40 PM - 04:10 PM,NAC215,39
ENG103,3.0,62,NWH,RA,02:40 PM - 04:10 PM,NAC408,40
ENG103,3.0,63,MYL,RA,02:40 PM - 04:10 PM,NAC505,40
ENG103,3.0,64,ZNP,RA,04:20 PM - 05:50 PM,NAC210,37
ENG103,3.0,65,ZQH,RA,04:20 PM - 05:50 PM,NAC214,35
ENG103,3.0,66,MZ,RA,04:20 PM - 05:50 PM,NAC215,39
ENG103,3.0,67,TBA,RA,04:20 PM - 05:50 PM,NAC302,39
ENG103,3.0,68,HYM,RA,04:20 PM - 05:50 PM,NAC410,39
ENG103,3.0,69,ANO,RA,04:20 PM - 05:50 PM,NAC515,35
ENG103,3.0,71,TBA,MW,02:40 PM - 04:10 PM,NAC603,40
ENG103,3.0,72,TBA,MW,09:40 AM - 11:10 AM,NAC202,30
ENG103,3.0,73,SuT,MW,02:40 PM - 04:10 PM,NAC202,30
ENG103,3.0,74,TBA,ST,09:40 AM - 11:10 AM,NAC620,40
ENG103,3.0,75,TBA,MW,09:40 AM - 11:10 AM,NAC620,40
ENG103,3.0,76,RNS,MW,11:20 AM - 12:50 PM,NAC620,40
ENG103,3.0,77,SAKB,ST,02:40 PM - 04:10 PM,NAC307,40
ENG103,3.0,78,SNCY,MW,08:00 AM - 09:30 AM,NAC313,35
ENG105,3.0,1,MCY,ST,08:00 AM - 09:30 AM,NAC203,35
ENG105,3.0,2,IKD,ST,08:00 AM - 09:30 AM,NAC215,40
ENG105,3.0,3,SSA2,ST,02:40 PM - 04:10 PM,NAC215,40
ENG105,3.0,4,MZ,ST,04:20 PM - 05:50 PM,NAC203,35
ENG105,3.0,5,KHU,ST,04:20 PM - 05:50 PM,NAC410,40
ENG105,3.0,6,NHU,MW,08:00 AM - 09:30 AM,NAC214,35
ENG105,3.0,7,IKD,MW,08:00 AM - 09:30 AM,NAC515,40
ENG105,3.0,8,PMZ,MW,01:00 PM - 02:30 PM,SAC309,35
ENG105,3.0,9,PMZ,MW,04:20 PM - 05:50 PM,NAC206,40
ENG105,3.0,10,RTU,RA,08:00 AM - 09:30 AM,NAC209,40
ENG105,3.0,11,SHq,RA,08:00 AM - 09:30 AM,NAC409,40
ENG105,3.0,12,Ndm,RA,08:00 AM - 09:30 AM,NAC514,40
ENG105,3.0,13,SNCY,RA,08:00 AM - 09:30 AM,NAC515,40
ENG105,3.0,14,SHq,RA,09:40 AM - 11:10 AM,NAC310,40
ENG105,3.0,15,Ndm,RA,09:40 AM - 11:10 AM,NAC514,40
ENG105,3.0,16,NSj,RA,09:40 AM - 11:10 AM,NAC990,40
ENG105,3.0,17,TBA,RA,11:20 AM - 12:50 PM,NAC208,40
ENG105,3.0,18,SAKB,RA,11:20 AM - 12:50 PM,NAC409,40
ENG105,3.0,19,SNCY,RA,11:20 AM - 12:50 PM,NAC515,40
ENG105,3.0,20,TBA,RA,11:20 AM - 12:50 PM,NAC990,40
ENG105,3.0,21,MZ,RA,01:00 PM - 02:30 PM,NAC208,40
ENG105,3.0,22,STSd,RA,01:00 PM - 02:30 PM,NAC214,35
ENG105,3.0,23,ZNP,RA,02:40 PM - 04:10 PM,NAC204,35
ENG105,3.0,24,SAKB,RA,02:40 PM - 04:10 PM,NAC409,40
ENG105,3.0,25,STSd,RA,04:20 PM - 05:50 PM,NAC207,40
ENG105,3.0,26,TBA,RA,04:20 PM - 05:50 PM,NAC208,40
ENG105,3.0,27,FTN,RA,04:20 PM - 05:50 PM,NAC505,40
ENG105,3.0,28,ZQH,RA,06:00 PM - 07:30 PM,NAC214,35
ENG105,3.0,29,ANO,RA,06:00 PM - 07:30 PM,NAC302,40
ENG105,3.0,30,KHU,MW,01:00 PM - 02:30 PM,NAC202,30
ENG111,3.0,1,TAA,ST,08:00 AM - 09:30 AM,NAC207,40
ENG111,3.0,2,HMe,ST,08:00 AM - 09:30 AM,NAC302,40
ENG111,3.0,3,SDMA,ST,08:00 AM - 09:30 AM,NAC515,40
ENG111,3.0,4,TAA,ST,09:40 AM - 11:10 AM,NAC203,35
ENG111,3.0,5,NPn,ST,09:40 AM - 11:10 AM,NAC208,40
ENG111,3.0,6,HMe,ST,09:40 AM - 11:10 AM,NAC302,40
ENG111,3.0,7,FAA,ST,01:00 PM - 02:30 PM,NAC990,40
ENG111,3.0,8,AHRF,ST,01:00 PM - 02:30 PM,SAC309,35
ENG111,3.0,9,FzM,ST,02:40 PM - 04:10 PM,NAC203,35
ENG111,3.0,10,FAA,ST,02:40 PM - 04:10 PM,NAC515,40
ENG111,3.0,11,AHRF,ST,04:20 PM - 05:50 PM,SAC309,35
ENG111,3.0,12,NSj,MW,08:00 AM - 09:30 AM,NAC990,40
ENG111,3.0,13,NPn,MW,09:40 AM - 11:10 AM,NAC215,40
ENG111,3.0,14,MNK,MW,09:40 AM - 11:10 AM,NAC515,40
ENG111,3.0,15,SZn,MW,09:40 AM - 11:10 AM,NAC990,40
ENG111,3.0,16,NSj,MW,11:20 AM - 12:50 PM,NAC302,40
ENG111,3.0,17,SZn,MW,11:20 AM - 12:50 PM,NAC990,40
ENG111,3.0,18,MNK,MW,11:20 AM - 12:50 PM,NAC991,40
ENG111,3.0,19,NCA,MW,04:20 PM - 05:50 PM,NAC411,40
ENG111,3.0,21,MCY,RA,01:00 PM - 02:30 PM,NAC514,40
ENG111,3.0,22,TSHN,RA,02:40 PM - 04:10 PM,NAC302,40
ENG111,3.0,23,MCY,ST,09:40 AM - 11:10 AM,NAC202,30
ENG115,3.0,1,SDMA,ST,09:40 AM - 11:10 AM,NAC515,40
ENG115,3.0,2,Szi,ST,11:20 AM - 12:50 PM,NAC207,40
ENG115,3.0,3,AtB,ST,01:00 PM - 02:30 PM,NAC514,40
ENG115,3.0,4,SSA2,MW,01:00 PM - 02:30 PM,NAC208,40
ENG115,3.0,5,AtB,MW,01:00 PM - 02:30 PM,NAC505,40
ENG115,3.0,6,FTN,MW,02:40 PM - 04:10 PM,NAC215,40
ENG115,3.0,7,KHU,MW,02:40 PM - 04:10 PM,NAC409,40
ENG115,3.0,8,NCA,MW,02:40 PM - 04:10 PM,NAC508,40
ENG115,3.0,9,LMh,MW,04:20 PM - 05:50 PM,NAC505,40
ENG115,3.0,10,MOE,RA,11:20 AM - 12:50 PM,NAC408,40
ENG115,3.0,11,TSHN,RA,01:00 PM - 02:30 PM,NAC302,40
ENG210,3.0,1,SNu,ST,09:40 AM - 11:10 AM,NAC505,40
ENG210,3.0,2,SNu,ST,11:20 AM - 12:50 PM,NAC505,40
ENG210,3.0,3,SPn,MW,02:40 PM - 04:10 PM,NAC203,35
ENG216,3.0,1,SRO,MW,09:40 AM - 11:10 AM,NAC409,40
ENG216,3.0,2,FTN,RA,01:00 PM - 02:30 PM,NAC505,40
ENG220,3.0,1,IKD,MW,11:20 AM - 12:50 PM,NAC515,40
ENG220,3.0,2,SSA2,ST,01:00 PM - 02:30 PM,NAC215,40
ENG220,3.0,3,LMh,ST,04:20 PM - 05:50 PM,NAC515,40
ENG220,3.0,4,TBA,ST,08:00 AM - 09:30 AM,NAC514,40
ENG230,3.0,1,HSh,MW,09:40 AM - 11:10 AM,NAC601,40
ENG230,3.0,2,KHU,ST,02:40 PM - 04:10 PM,NAC408,40
ENG230,3.0,3,MCY,RA,11:20 AM - 12:50 PM,NAC514,40
ENG230,3.0,4,TBA,ST,04:20 PM - 05:50 PM,NAC215,40
ENG260,3.0,1,HSh,ST,09:40 AM - 11:10 AM,NAC601,40
ENG302,3.0,1,SPn,ST,11:20 AM - 12:50 PM,NAC302,40
ENG302,3.0,2,PMZ,ST,02:40 PM - 04:10 PM,NAC302,40
ENG307,3.0,1,HMe,MW,09:40 AM - 11:10 AM,NAC302,40
ENG307,3.0,2,HMe,MW,08:00 AM - 09:30 AM,NAC302,40
ENG307,3.0,3,TBA,ST,08:00 AM - 09:30 AM,NAC505,40
ENG334/ENG461,3.0,1,MHn,MW,11:20 AM - 12:50 PM,NAC408,40
ENG334/ENG461,3.0,2,MHn,MW,02:40 PM - 04:10 PM,NAC408,40
ENG337/ENG466,3.0,1,MaNa,ST,11:20 AM - 12:50 PM,NAC408,40
ENG337/ENG466,3.0,2,PMZ,ST,01:00 PM - 02:30 PM,NAC302,40
ENG341,3.0,1,IKD,ST,11:20 AM - 12:50 PM,NAC215,40
ENG346,3.0,1,AQB,MW,09:40 AM - 11:10 AM,NAC505,40
ENG351,3.0,1,SlQ,MW,01:00 PM - 02:30 PM,NAC991,40
ENG361,3.0,1,SHq,ST,08:00 AM - 09:30 AM,NAC409,40
ENG381,3.0,1,SNu,MW,02:40 PM - 04:10 PM,NAC505,40
ENG401,3.0,1,TBA,MW,01:00 PM - 02:30 PM,NAC507,40
ENG416,3.0,1,TBA,MW,02:40 PM - 04:10 PM,NAC208,40
ENG417,3.0,1,SRO,MW,11:20 AM - 12:50 PM,NAC409,40
ENG417,3.0,2,TBA,MW,04:20 PM - 05:50 PM,NAC215,40
ENG431,3.0,1,AQB,MW,11:20 AM - 12:50 PM,NAC505,40
ENG441,3.0,1,Szi,ST,01:00 PM - 02:30 PM,NAC505,40
ENG458,3.0,1,NM,ST,02:40 PM - 04:10 PM,NAC505,40
ENG481,3.0,1,MaNa,MW,11:20 AM - 12:50 PM,NAC215,40
ENG501,3.0,1,SHQ,A,06:00 PM - 09:00 PM,NAC1077,35
ENG515,3.0,1,NM,S,06:00 PM - 09:10 PM,NAC993,35
ENG520,3.0,1,Szi,S,06:00 PM - 09:10 PM,NAC501,35
ENG522,3.0,1,AQB,T,06:00 PM - 09:10 PM,NAC501,35
ENG524,3.0,2,HKN,W,06:00 PM - 09:10 PM,NAC1077,35
ENG528,3.0,2,HKN,M,06:00 PM - 09:10 PM,NAC1077,35
ENG552,3.0,1,SHQ,T,06:00 PM - 09:10 PM,NAC1077,35
ENG553,3.0,1,SPn,W,06:00 PM - 09:10 PM,NAC501,35
ENG555,3.0,1,SPn,M,06:00 PM - 09:10 PM,NAC501,35
ENG557,3.0,1,SPn,S,06:00 PM - 09:10 PM,NAC502,35
ENG570,3.0,1,SRO,R,06:00 PM - 09:10 PM,NAC501,35
ENG575,3.0,1,MSz2,S,06:00 PM - 09:10 PM,NAC503,35
ENG576,3.0,1,MSz2,T,06:00 PM - 09:10 PM,NAC503,35
ENG578,3.0,1,SNu,M,06:00 PM - 09:10 PM,NAC503,35
ENG580,3.0,1,SPn,W,06:00 PM - 09:10 PM,NAC503,35
ENG602,3.0,1,AQB,S,06:00 PM - 09:10 PM,NAC504,35
ENG603,3.0,1,AQB,,TBA,TBA,25
ENG606,3.0,1,TBA,,TBA,TBA,45
ENG611,3.0,1,MSz2,W,06:00 PM - 09:10 PM,NAC504,35
ENG613,3.0,1,SLI,T,06:00 PM - 09:10 PM,NAC506,35
ENG616,3.0,1,SRO,A,06:00 PM - 09:00 PM,NAC503,35
ENG618,3.0,1,TBA,,TBA,TBA,45
ENG631,3.0,1,SNu,W,06:00 PM - 09:10 PM,NAC506,35
ENG632,3.0,1,MSz2,M,06:00 PM - 09:10 PM,NAC506,35
ENG637,3.0,1,TBA,,TBA,TBA,45
ENV102,3.0,1,KMNH,ST,02:40 PM - 04:10 PM,NAC311,70
ENV102,3.0,2,KMNH,MW,11:20 AM - 12:50 PM,NAC311,70
ENV102,3.0,3,KYH,MW,11:20 AM - 12:50 PM,SAC314,31
ENV107,3.0,1,NAKN,ST,09:40 AM - 11:10 AM,OAT602,61
ENV107,3.0,2,NAKN,ST,01:00 PM - 02:30 PM,OAT602,67
ENV107,3.0,3,NAKN,MW,11:20 AM - 12:50 PM,SAC312,29
ENV107,3.0,4,Mdo,ST,09:40 AM - 11:10 AM,NAC311,68
ENV107,3.0,5,Mdo,ST,11:20 AM - 12:50 PM,NAC415,61
ENV107,3.0,6,ASUH,MW,11:20 AM - 12:50 PM,NAC415,0
ENV107,3.0,7,MJHN,ST,04:20 PM - 05:50 PM,NAC415,69
ENV107,3.0,8,LIZN,ST,02:40 PM - 04:10 PM,SAC309,34
ENV107,3.0,9,RMKN,MW,02:40 PM - 04:10 PM,NAC311,67
ENV107,3.0,10,RMKN,ST,11:20 AM - 12:50 PM,SAC314,31
ENV107,3.0,11,YKB,MW,09:40 AM - 11:10 AM,SAC205,27
ENV107,3.0,12,YKB,MW,02:40 PM - 04:10 PM,SAC312,33
ENV107,3.0,13,EAA,RA,09:40 AM - 11:10 AM,SAC314,19
ENV107,3.0,14,EAA,RA,01:00 PM - 02:30 PM,NAC311,70
ENV107,3.0,15,EAA,RA,02:40 PM - 04:10 PM,OAT602,70
ENV107,3.0,16,RjM,ST,09:40 AM - 11:10 AM,NAC415,70
ENV107,3.0,17,RjM,MW,01:00 PM - 02:30 PM,NAC415,68
ENV107,3.0,18,RjM,MW,04:20 PM - 05:50 PM,SAC204,1
ENV107,3.0,19,RzR,MW,11:20 AM - 12:50 PM,SAC309,35
ENV107,3.0,20,RzR,MW,02:40 PM - 04:10 PM,SAC309,34
ENV107,3.0,21,ARK,RA,01:00 PM - 02:30 PM,SAC314,34
ENV107,3.0,22,NlQ,RA,09:40 AM - 11:10 AM,SAC312,34
ENV107,3.0,23,NlQ,RA,01:00 PM - 02:30 PM,SAC305,35
ENV107,3.0,24,HRh,RA,09:40 AM - 11:10 AM,SAC305,35
ENV107,3.0,25,HRh,RA,11:20 AM - 12:50 PM,SAC305,32
ENV107,3.0,26,MQU,RA,08:00 AM - 09:30 AM,SAC205,35
ENV107,3.0,27,TBA,ST,08:00 AM - 09:30 AM,SAC312,34
ENV107,3.0,28,TBA,ST,09:40 AM - 11:10 AM,SAC314,35
ENV107,3.0,29,TBA,MW,02:40 PM - 04:10 PM,SAC205,35
ENV107,3.0,30,TBA,MW,04:20 PM - 05:50 PM,SAC314,35
ENV107,3.0,31,SNQ,RA,01:00 PM - 02:30 PM,SAC309,35
ENV107,3.0,32,SNQ,RA,02:40 PM - 04:10 PM,SAC312,35
ENV107,3.0,33,TBA,RA,02:40 PM - 04:10 PM,SAC205,35
ENV107L,3.0,1,YKB,ST,08:00 AM - 09:30 AM,SAC726,15
ENV107L,3.0,2,YKB,ST,09:40 AM - 11:10 AM,SAC726,14
ENV107L,3.0,3,YKB,ST,11:20 AM - 12:50 PM,SAC726,15
ENV107L,3.0,4,AfI2,ST,01:00 PM - 02:30 PM,SAC726,15
ENV107L,3.0,5,AfI2,ST,02:40 PM - 04:10 PM,SAC726,15
ENV107L,3.0,6,AfI2,ST,04:20 PM - 05:50 PM,SAC726,15
ENV107L,3.0,7,AfI2,ST,01:00 PM - 02:30 PM,SAC726_V,15
ENV107L,3.0,8,AfI2,ST,02:40 PM - 04:10 PM,SAC726_V,15
ENV107L,3.0,9,AfI2,ST,04:20 PM - 05:50 PM,SAC726_V,15
ENV107L,3.0,10,AfI2,MW,01:00 PM - 02:30 PM,SAC726,15
ENV107L,3.0,11,AfI2,MW,02:40 PM - 04:10 PM,SAC726,15
ENV107L,3.0,12,AfI2,MW,04:20 PM - 05:50 PM,SAC726,15
ENV107L,3.0,13,ASA2,RA,08:00 AM - 09:30 AM,SAC726,15
ENV107L,3.0,14,ASA2,RA,09:40 AM - 11:10 AM,SAC726,15
ENV107L,3.0,15,ASA2,RA,11:20 AM - 12:50 PM,SAC726,15
ENV107L,3.0,16,ASA2,RA,08:00 AM - 09:30 AM,SAC726_V,15
ENV107L,3.0,17,ASA2,RA,09:40 AM - 11:10 AM,SAC726_V,15
ENV107L,3.0,18,ASA2,RA,11:20 AM - 12:50 PM,SAC726_V,15
ENV107L,3.0,19,ASA2,RA,08:00 AM - 09:30 AM,SAC726_V1,15
ENV107L,3.0,20,ASA2,RA,09:40 AM - 11:10 AM,SAC726_V1,15
ENV107L,3.0,21,ASA2,RA,11:20 AM - 12:50 PM,SAC726_V1,15
ENV107L,3.0,22,MNA3,RA,01:00 PM - 02:30 PM,SAC726,15
ENV107L,3.0,23,MNA3,RA,02:40 PM - 04:10 PM,SAC726,15
ENV107L,3.0,24,MNA3,RA,04:20 PM - 05:50 PM,SAC726,15
ENV107L,3.0,25,MNA3,RA,01:00 PM - 02:30 PM,SAC726_V,15
ENV107L,3.0,26,MNA3,RA,02:40 PM - 04:10 PM,SAC726_V,15
ENV107L,3.0,27,MNA3,RA,04:20 PM - 05:50 PM,SAC726_V,15
ENV107L,3.0,28,SSm1,ST,08:00 AM - 09:30 AM,SAC726_V,15
ENV107L,3.0,29,SSm1,ST,09:40 AM - 11:10 AM,SAC726_V,15
ENV107L,3.0,30,SSm1,ST,11:20 AM - 12:50 PM,SAC726_V,15
ENV107L,3.0,31,SSm1,MW,08:00 AM - 09:30 AM,SAC726,15
ENV107L,3.0,32,SSm1,MW,09:40 AM - 11:10 AM,SAC726,15
ENV107L,3.0,33,SSm1,MW,11:20 AM - 12:50 PM,SAC726,15
ENV107L,3.0,34,SSm1,MW,08:00 AM - 09:30 AM,SAC726_V,15
ENV107L,3.0,35,AHMN,MW,09:40 AM - 11:10 AM,SAC726_V,15
ENV107L,3.0,36,AHMN,MW,11:20 AM - 12:50 PM,SAC726_V,15
ENV172,3.0,1,MSSK,ST,04:20 PM - 05:50 PM,OAT602,70
ENV172,3.0,2,PAC,MW,08:00 AM - 09:30 AM,NAC621,35
ENV172,3.0,3,RFAD,RA,04:20 PM - 05:50 PM,NAC311,70
ENV203/GEO205,3.0,1,MJHN,MW,02:40 PM - 04:10 PM,NTR1001,68
ENV203/GEO205,3.0,2,MJHN,MW,04:20 PM - 05:50 PM,OAT602,70
ENV203/GEO205,3.0,3,Zru,RA,01:00 PM - 02:30 PM,NAC403,34
ENV203/GEO205,3.0,4,Zru,RA,04:20 PM - 05:50 PM,SAC312,35
ENV204,3.0,1,KMNH,ST,11:20 AM - 12:50 PM,SAC312,35
ENV205,3.0,1,BKF,ST,11:20 AM - 12:50 PM,SAC305,35
ENV205,3.0,2,BKF,ST,02:40 PM - 04:10 PM,SAC305,35
ENV205,3.0,3,MJHN,ST,01:00 PM - 02:30 PM,SAC205,35
ENV205,3.0,4,RMKN,MW,04:20 PM - 05:50 PM,SAC305,35
ENV207,3.0,1,NAKN,ST,02:40 PM - 04:10 PM,SAC312,35
ENV207,3.0,2,NAKN,MW,09:40 AM - 11:10 AM,SAC312,35
ENV208,3.0,1,Jky,ST,01:00 PM - 02:30 PM,SAC305,35
ENV208,3.0,2,YKB,MW,08:00 AM - 09:30 AM,SAC314,35
ENV209,3.0,1,BKF,MW,11:20 AM - 12:50 PM,SAC305,30
ENV209,3.0,2,BKF,MW,02:40 PM - 04:10 PM,SAC305,30
ENV209,3.0,3,NEK,RA,08:00 AM - 09:30 AM,SAC312,35
ENV209,3.0,4,NEK,RA,09:40 AM - 11:10 AM,NAC214,35
ENV214,3.0,1,SHMK,ST,09:40 AM - 11:10 AM,SAC309,35
ENV214,3.0,2,SHMK,ST,11:20 AM - 12:50 PM,SAC205,35
ENV215,3.0,1,KYH,ST,09:40 AM - 11:10 AM,SAC205,35
ENV215,3.0,2,KYH,MW,08:00 AM - 09:30 AM,NAC311,70
ENV215,3.0,3,KYH,MW,01:00 PM - 02:30 PM,SAC305,35
ENV215,3.0,4,KYH,MW,04:20 PM - 05:50 PM,NAC415,70
ENV260,3.0,1,MSSK,ST,01:00 PM - 02:30 PM,NAC311,70
ENV260,3.0,2,MSSK,MW,04:20 PM - 05:50 PM,SAC312,35
ENV304,3.0,1,ARK,RA,11:20 AM - 12:50 PM,SAC312,35
ENV304,3.0,2,ARK,RA,04:20 PM - 05:50 PM,SAC314,35
ENV307,3.0,1,ASUH,ST,04:20 PM - 05:50 PM,SAC305,35
ENV307,3.0,2,ASUH,ST,01:00 PM - 02:30 PM,SAC204,35
ENV307,3.0,3,ASUH,ST,02:40 PM - 04:10 PM,NAC415,45
ENV311,3.0,1,Mdo,ST,02:40 PM - 04:10 PM,SAC314,35
ENV311,3.0,2,Mdo,MW,09:40 AM - 11:10 AM,SAC305,35
ENV311,3.0,3,MRKn,RA,04:20 PM - 05:50 PM,SAC205,35
ENV311,3.0,4,MdMR,RA,01:00 PM - 02:30 PM,SAC312,35
ENV311,3.0,5,MdMR,RA,04:20 PM - 05:50 PM,NAC413,35
ENV315,3.0,1,MnT,RA,08:00 AM - 09:30 AM,NAC214,35
ENV316,3.0,1,MDO,MW,11:20 AM - 12:50 PM,SAC724,18
ENV316,3.0,2,MDO,MW,02:40 PM - 04:10 PM,SAC724,18
ENV317,3.0,1,MUSR,MW,01:00 PM - 02:30 PM,SAC312,35
ENV373,3.0,1,RMKN,ST,02:40 PM - 04:10 PM,SAC205,35
ENV373,3.0,2,RMKN,ST,04:20 PM - 05:50 PM,SAC312,35
ENV373,3.0,3,EAA,MW,11:20 AM - 12:50 PM,SAC205,35
ENV373,3.0,4,EAA,MW,02:40 PM - 04:10 PM,SAC314,35
ENV375,3.0,1,PAC,MW,09:40 AM - 11:10 AM,NAC208,35
ENV402,3.0,1,MRKN,RA,01:00 PM - 02:30 PM,SAC724,18
ENV405,3.0,1,ASUH,MW,01:00 PM - 02:30 PM,NAC311,70
ENV419,3.0,1,ASUH,MW,04:20 PM - 05:50 PM,NAC311,70
ENV455,3.0,1,Sud,ST,01:00 PM - 02:30 PM,SAC312,30
ENV498,3.0,5,Sud,,TBA,TBA,2
ENV498,3.0,6,Mdo,,TBA,TBA,2
ENV498,3.0,9,MSSK,,TBA,TBA,2
ENV498,3.0,10,LIZN,,TBA,TBA,2
ENV498,3.0,11,RMKN,,TBA,TBA,2
ENV498,3.0,13,EAA,,TBA,TBA,2
ENV498,3.0,14,KYH,,TBA,TBA,2
ENV498,3.0,15,RjM,,TBA,TBA,2
ENV499,3.0,5,Sud,,TBA,TBA,1
ENV499,3.0,7,ASUH,,TBA,TBA,2
ENV499,3.0,9,MSSK,,TBA,TBA,1
ENV499,3.0,11,RMKN,,TBA,TBA,1
ENV499,3.0,13,EAA,,TBA,TBA,1
ENV501,3.0,1,Sud,W,07:00 PM - 10:10 PM,SAC312,15
ENV502,3.0,1,NRMN,A,03:00 PM - 06:00 PM,SAC305,15
ENV602,3.0,1,NRMN,F,03:00 PM - 06:00 PM,SAC305,15
ENV606,3.0,1,Jky,S,07:00 PM - 10:10 PM,SAC312,15
ENV609,3.0,1,FhR,M,07:00 PM - 10:10 PM,SAC312,15
ENV627,3.0,1,SMq,A,07:00 PM - 10:10 PM,SAC312,35
ENV630,3.0,1,ASUH,T,07:00 PM - 10:10 PM,SAC312,15
ENV635,3.0,1,KAL,W,07:00 PM - 10:10 PM,SAC314,15
ENV652,3.0,1,JKY,T,07:00 PM - 10:10 PM,SAC724,15
ENV685,3.0,1,RzR,M,07:00 PM - 10:10 PM,SAC314,15
ENV697,3.0,7,ASUH,,TBA,TBA,2
EEE221L/ETE221L,3.0,1,Mdy,M,11:20 AM - 02:30 PM,LIB606,35
EEE221L/ETE221L,3.0,2,FQC,A,08:00 AM - 11:10 AM,LIB607,35
EEE221L/ETE221L,3.0,3,FKR,M,11:20 AM - 02:30 PM,LIB607,35
CSE338L/CSE438L/EEE331L/ETE331L,3.0,1,AUQ,T,08:00 AM - 11:10 AM,LIB610,35
EEE342L/ETE418L,3.0,1,LIH,T,11:20 AM - 02:30 PM,LIB607,35
EEE342L/ETE418L,3.0,2,SNS1,T,02:40 PM - 05:50 PM,LIB607,35
EEE342L/ETE418L,3.0,3,SVS,M,08:00 AM - 11:10 AM,LIB607,35
ETE498R,3.0,1,TBA,,TBA,TBA,10
ETH201,3.0,1,Ezk,MW,08:00 AM - 09:30 AM,NTR1001,80
FIN254,3.0,1,Ahu,ST,01:00 PM - 02:30 PM,NAC206,40
FIN254,3.0,2,ARM,MW,01:00 PM - 02:30 PM,NAC510,40
FIN254,3.0,3,ARM,ST,04:20 PM - 05:50 PM,NAC309,40
FIN254,3.0,4,Asy,ST,09:40 AM - 11:10 AM,NAC206,40
FIN254,3.0,5,AUL,RA,09:40 AM - 11:10 AM,NAC411,40
FIN254,3.0,6,AUL,RA,11:20 AM - 12:50 PM,NAC309,40
FIN254,3.0,7,AZR,MW,08:00 AM - 09:30 AM,NAC206,40
FIN254,3.0,8,TBA,MW,02:40 PM - 04:10 PM,NAC206,40
FIN254,3.0,9,TBA,MW,11:20 AM - 12:50 PM,NAC309,40
FIN254,3.0,10,HAS,MW,01:00 PM - 02:30 PM,NAC210,40
FIN254,3.0,11,IAC,MW,11:20 AM - 12:50 PM,NAC410,40
FIN254,3.0,12,MdM,ST,02:40 PM - 04:10 PM,NAC510,40
FIN254,3.0,13,MSHo,RA,08:00 AM - 09:30 AM,NAC310,40
FIN254,3.0,14,MSHo,RA,09:40 AM - 11:10 AM,NAC512A,40
FIN254,3.0,15,NNh,MW,09:40 AM - 11:10 AM,NAC410,40
FIN254,3.0,16,NNh,MW,11:20 AM - 12:50 PM,NAC508,40
FIN254,3.0,17,Rby,MW,02:40 PM - 04:10 PM,NAC411,40
FIN254,3.0,18,RQR,RA,02:40 PM - 04:10 PM,NAC411,40
FIN254,3.0,19,SmG,MW,08:00 AM - 09:30 AM,NAC410,40
FIN254,3.0,20,SnT,ST,11:20 AM - 12:50 PM,NAC510,40
FIN254,3.0,21,SnT,ST,08:00 AM - 09:30 AM,NAC507,40
FIN254,3.0,22,Sys,ST,08:00 AM - 09:30 AM,NAC508,40
FIN254,3.0,23,Aay,RA,02:40 PM - 04:10 PM,NAC206,40
FIN254,3.0,24,Aay,RA,04:20 PM - 05:50 PM,NAC309,40
FIN410,3.0,1,HAS,ST,11:20 AM - 12:50 PM,NAC310,40
FIN410,3.0,2,HHq1,MW,01:00 PM - 02:30 PM,NAC307,40
FIN410,3.0,3,HHq1,MW,02:40 PM - 04:10 PM,NAC309,40
FIN410,3.0,4,TBA,ST,02:40 PM - 04:10 PM,NAC310,40
FIN410,3.0,5,RQR,RA,11:20 AM - 12:50 PM,NAC411,40
FIN433,3.0,1,Ahm,MW,08:00 AM - 09:30 AM,NAC510,40
FIN433,3.0,2,Ahm,MW,11:20 AM - 12:50 PM,NAC206,40
FIN433,3.0,3,TBA,ST,11:20 AM - 12:50 PM,NAC309,40
FIN433,3.0,4,HHq1,ST,01:00 PM - 02:30 PM,NAC507,40
FIN433,3.0,5,HHq1,ST,02:40 PM - 04:10 PM,NAC411,40
FIN433,3.0,6,Hmu,ST,02:40 PM - 04:10 PM,NAC507,39
FIN433,3.0,7,Hmu,ST,04:20 PM - 05:50 PM,NAC510,45
FIN433,3.0,8,SnT,MW,08:00 AM - 09:30 AM,NAC411,40
FIN433,3.0,9,SnT,MW,09:40 AM - 11:10 AM,NAC508,40
FIN435,3.0,1,HAS,ST,01:00 PM - 02:30 PM,NAC411,40
FIN435,3.0,2,Hmu,MW,02:40 PM - 04:10 PM,NAC310,40
FIN435,3.0,3,Hmu,MW,04:20 PM - 05:50 PM,NAC310,40
FIN435,3.0,4,MdM,MW,09:40 AM - 11:10 AM,NAC307,40
FIN435,3.0,5,MNl1,ST,02:40 PM - 04:10 PM,NTR202,40
FIN435,3.0,6,SmG,ST,08:00 AM - 09:30 AM,NAC411,40
FIN440,3.0,1,Asy,ST,01:00 PM - 02:30 PM,NAC310,40
FIN440,3.0,2,FJM,MW,01:00 PM - 02:30 PM,LIB601,40
FIN440,3.0,3,HAS,MW,11:20 AM - 12:50 PM,NAC310,40
FIN440,3.0,4,MHMN,RA,09:40 AM - 11:10 AM,NAC601,40
FIN440,3.0,5,MzF,ST,04:20 PM - 05:50 PM,NAC512A,40
FIN440,3.0,6,Sys,ST,11:20 AM - 12:50 PM,NAC512A,40
FIN440,3.0,7,Sys,ST,09:40 AM - 11:10 AM,NAC411,40
FIN440,3.0,8,Tks,MW,09:40 AM - 11:10 AM,NAC510,40
FIN444,3.0,1,Ahm,ST,11:20 AM - 12:50 PM,NAC206,40
FIN444,3.0,2,MBSR,RA,08:00 AM - 09:30 AM,NAC510,40
FIN444,3.0,3,MzF,MW,02:40 PM - 04:10 PM,NAC410,40
FIN444,3.0,4,MzF,MW,04:20 PM - 05:50 PM,NAC510,40
FIN444,3.0,5,TNK,RA,02:40 PM - 04:10 PM,NAC512A,40
FIN444,3.0,6,TNK,RA,04:20 PM - 05:50 PM,NAC411,40
FIN455,3.0,1,MzF,ST,02:40 PM - 04:10 PM,NAC512A,40
FIN464,3.0,1,Ahm,ST,01:00 PM - 02:30 PM,NAC202,40
FIN464,3.0,2,Ahm,ST,08:00 AM - 09:30 AM,NAC206,40
FIN464,3.0,3,MdM,MW,11:20 AM - 12:50 PM,NAC411,40
FIN464,3.0,4,MhMR,RA,09:40 AM - 11:10 AM,NAC507,40
FIN464,3.0,5,TsA,MW,09:40 AM - 11:10 AM,NAC512A,40
FIN470,3.0,1,Rma,MW,02:40 PM - 04:10 PM,NAC510,40
FIN480,3.0,1,Tks,ST,09:40 AM - 11:10 AM,NAC508,40
FIN635,3.0,1,MdR,M,07:00 PM - 10:10 PM,NAC512,30
FIN637,3.0,1,MNL,T,07:00 PM - 10:10 PM,NTR302,30
FIN639,3.0,1,SHNM,W,07:00 PM - 10:10 PM,NAC604,30
FIN642,3.0,1,Rma,F,09:00 AM - 12:30 PM,NAC619A,30
FIN644,3.0,1,PKB,R,07:00 PM - 10:10 PM,NAC620,30
FIN645,3.0,1,TNK,F,07:00 PM - 10:10 PM,NAC509,30
FIN650,3.0,1,GHK,S,07:00 PM - 10:10 PM,NAC515,30
HAS501,3.0,1,ASz,M,04:20 PM - 07:30 PM,NAC1080,20
HAS502,3.0,1,AbS3,F,09:00 AM - 12:00 PM,NAC1080,20
HAS503,3.0,1,SAR3,A,11:20 AM - 02:20 PM,NAC1080,20
HAS505,3.0,1,MbU,W,04:20 PM - 07:20 PM,NAC1080,20
HAS506,3.0,1,SaMS,T,04:20 PM - 07:30 PM,NAC1080,20
HAS510,3.0,1,AqR1,A,04:30 PM - 07:10 PM,NAC1080,20
HAS514,3.0,1,SLKN,R,11:20 AM - 02:30 PM,NAC1080,20
HAS515,3.0,1,TBA,,TBA,TBA,5
HIS101,3.0,1,ZrS,MW,11:20 AM - 12:50 PM,NAC201,0
HIS101,3.0,2,ZrS,MW,01:00 PM - 02:30 PM,NAC621,37
HIS101,3.0,3,ZrS,ST,09:40 AM - 11:10 AM,NAC621,36
HIS101,3.0,4,ZrS,ST,11:20 AM - 12:50 PM,NAC407,40
HIS101,3.0,5,ZrS,ST,02:40 PM - 04:10 PM,NAC407,41
HIS101,3.0,7,SLN,ST,02:40 PM - 04:10 PM,NAC406,38
HIS101,3.0,8,SLN,MW,09:40 AM - 11:10 AM,NAC407,42
HIS101,3.0,9,SLN,MW,11:20 AM - 12:50 PM,NAC213,35
HIS101,3.0,10,SLN,MW,02:40 PM - 04:10 PM,NAC407,45
HIS101,3.0,13,ABP1,ST,01:00 PM - 02:30 PM,NAC415,79
HIS101,3.0,14,ABP1,ST,04:20 PM - 05:50 PM,NTR1001,79
HIS101,3.0,15,MDI1,RA,08:00 AM - 09:30 AM,NAC311,79
HIS101,3.0,16,MDI1,RA,09:40 AM - 11:10 AM,NAC311,72
HIS102,3.0,1,SLKN,ST,11:20 AM - 12:50 PM,NAC1080,41
HIS102,3.0,2,MPN,ST,08:00 AM - 09:30 AM,NAC1080,45
HIS102,3.0,3,MPN,ST,09:40 AM - 11:10 AM,NAC1080,43
HIS102,3.0,4,AFRN,ST,11:20 AM - 12:50 PM,NTR1001,79
HIS102,3.0,5,AFRN,ST,02:40 PM - 04:10 PM,NTR1001,79
HIS102,3.0,6,IZN,ST,09:40 AM - 11:10 AM,NAC406,40
HIS102,3.0,7,IZN,ST,02:40 PM - 04:10 PM,NAC213,35
HIS102,3.0,8,AHB,MW,04:20 PM - 05:50 PM,NAC621,45
HIS102,3.0,9,AHB,MW,06:00 PM - 07:30 PM,NAC213,35
HIS102,3.0,10,ABS3,RA,04:20 PM - 05:50 PM,NAC603,40
HIS102,3.0,11,Mzd,RA,01:00 PM - 02:30 PM,NTR1001,78
HIS102,3.0,12,Mzd,RA,04:20 PM - 05:50 PM,NTR1001,80
HIS102,3.0,13,RHU,ST,08:00 AM - 09:30 AM,NAC621,44
HIS102,3.0,14,RHU,ST,11:20 AM - 12:50 PM,NAC604,45
HIS102,3.0,15,AYM,RA,02:40 PM - 04:10 PM,NAC213,34
HIS102,3.0,16,TBA,ST,04:20 PM - 05:50 PM,NAC603,40
HIS102,3.0,17,TBA,ST,06:00 PM - 07:30 PM,NAC310,40
HIS102,3.0,18,MBK1,MW,02:40 PM - 04:10 PM,NAC415,77
HIS102,3.0,19,MBK1,MW,04:20 PM - 05:50 PM,NAC211,79
HIS103,3.0,1,SAMS,MW,02:40 PM - 04:10 PM,NAC214,2
HIS103,3.0,2,MBU,MW,09:40 AM - 11:10 AM,NAC621,42
HIS103,3.0,3,SAMS,MW,01:00 PM - 02:30 PM,NTR1001,80
HIS103,3.0,4,SAMS,MW,06:00 PM - 07:30 PM,NAC301,40
HIS103,3.0,5,SAMS,ST,01:00 PM - 02:30 PM,NTR1001,78
HIS103,3.0,7,AFBS,MW,02:40 PM - 04:10 PM,NAC213,35
HIS103,3.0,8,AFBS,MW,04:20 PM - 05:50 PM,NAC407,45
HIS103,3.0,9,IZN,MW,11:20 AM - 12:50 PM,NAC621,8
HIS103,3.0,10,IZN,MW,02:40 PM - 04:10 PM,NAC406,40
HIS103,3.0,11,AFRN,MW,09:40 AM - 11:10 AM,NTR1001,80
HIS103,3.0,12,AFRN,MW,01:00 PM - 02:30 PM,NAC213,35
HIS103,3.0,13,MPN,MW,09:40 AM - 11:10 AM,NAC406,40
HIS103,3.0,14,HZK,MW,08:00 AM - 09:30 AM,NAC1080,45
HIS103,3.0,15,MGRn,RA,08:00 AM - 09:30 AM,NAC601,40
HIS103,3.0,16,MGRN,RA,09:40 AM - 11:10 AM,NAC202,40
HIS103,3.0,17,MGRn,RA,01:00 PM - 02:30 PM,NAC213,35
HIS103,3.0,18,SAR3,RA,08:00 AM - 09:30 AM,NAC213,35
HIS103,3.0,19,SAR3,RA,09:40 AM - 11:10 AM,NAC213,35
HIS103,3.0,20,HYK1,RA,02:40 PM - 04:10 PM,NAC506,40
HIS103,3.0,21,HYK1,RA,04:20 PM - 05:50 PM,NAC202,39
HIS103,3.0,22,MSIa,MW,08:00 AM - 09:30 AM,NAC213,35
HIS103,3.0,23,MSIA,MW,09:40 AM - 11:10 AM,NAC603,40
HIS103,3.0,24,AqR1,ST,04:20 PM - 05:50 PM,NAC1080,45
HIS103,3.0,25,AqR1,ST,06:00 PM - 07:30 PM,NAC213,35
HIS103,3.0,26,NHS1,RA,04:20 PM - 05:50 PM,NAC213,35
HIS103,3.0,27,AYM,RA,04:20 PM - 05:50 PM,NAC601,40
HIS103,3.0,28,TRH,RA,08:00 AM - 09:30 AM,NAC206,40
HIS103,3.0,29,TRh,RA,11:20 AM - 12:50 PM,NAC213,35
HIS103,3.0,30,TRH,RA,02:40 PM - 04:10 PM,NAC603,40
HIS103,3.0,31,MAR2,MW,04:20 PM - 05:50 PM,NAC213,35
HIS103,3.0,32,MAR2,MW,06:00 PM - 07:30 PM,NTR1001,80
HIS103,3.0,33,SWH1,RA,11:20 AM - 12:50 PM,NTR1001,80
HIS103,3.0,34,SWH1,RA,02:40 PM - 04:10 PM,NTR1001,80
HIS103,3.0,40,MBK1,ST,04:20 PM - 05:50 PM,NAC602,40
HIS203,3.0,1,MBU,MW,02:40 PM - 04:10 PM,NAC621,8
HIS203,3.0,2,HYK1,RA,11:20 AM - 12:50 PM,NAC603,40
HIS205,3.0,1,AbS3,RA,02:40 PM - 04:10 PM,NAC406,39
HIS205,3.0,2,Klm,RA,04:20 PM - 05:50 PM,NAC406,40
HRM340,3.0,2,Sqt,ST,01:00 PM - 02:30 PM,NAC305,40
HRM340,3.0,3,SYI,ST,01:00 PM - 02:30 PM,NAC1077,40
HRM360,3.0,1,Alm,ST,11:20 AM - 12:50 PM,NAC205,40
HRM360,3.0,2,TBA,MW,11:20 AM - 12:50 PM,NAC204,35
HRM370,3.0,1,TBA,MW,02:40 PM - 04:10 PM,NAC305,40
HRM370,3.0,2,Sqt,MW,09:40 AM - 11:10 AM,NAC404,40
HRM380,3.0,1,UHM,MW,11:20 AM - 12:50 PM,NTR301,40
HRM380,3.0,2,TMD,ST,09:40 AM - 11:10 AM,NAC308,40
HRM450,3.0,1,MFC,MW,01:00 PM - 02:30 PM,NAC205,40
HRM470,3.0,1,GMA,MW,09:40 AM - 11:10 AM,NAC305,40
HRM470,3.0,2,QTI,MW,09:40 AM - 11:10 AM,NAC501,40
HRM602,3.0,1,TBA,R,07:00 PM - 10:10 PM,NAC619A,30
HRM604,3.0,1,Alm,F,09:00 AM - 12:30 PM,NAC992,30
HRM610,3.0,1,MFC,T,07:00 PM - 10:10 PM,NAC605,30
HRM631,3.0,1,KsM,A,07:00 PM - 10:10 PM,NAC601,30
HRM645,3.0,1,KsM,M,07:00 PM - 10:10 PM,NAC601,30
HRM660,3.0,1,MFC,W,07:00 PM - 10:10 PM,NAC605,30
INB350,3.0,1,AsMm,MW,02:40 PM - 04:10 PM,NAC512,40
INB372,3.0,1,Fzy,MW,11:20 AM - 12:50 PM,NAC209,40
INB372,3.0,2,SaRn,MW,11:20 AM - 12:50 PM,NAC506,40
INB372,3.0,3,MHZ,RA,11:20 AM - 12:50 PM,NAC209,40
INB372,3.0,4,SaRn,ST,01:00 PM - 02:30 PM,NAC621,40
INB372,3.0,5,FHZ,MW,09:40 AM - 11:10 AM,NAC301,40
INB372,3.0,6,FHZ,MW,11:20 AM - 12:50 PM,NAC301,40
INB372,3.0,7,Mbt,MW,06:00 PM - 07:30 PM,NAC206,40
INB372,3.0,8,TMU,MW,01:00 PM - 02:30 PM,NAC511,40
INB372,3.0,9,EhN,ST,09:40 AM - 11:10 AM,NAC511,40
INB372,3.0,10,TMU,RA,09:40 AM - 11:10 AM,NAC512,40
INB372,3.0,11,Fzy,MW,09:40 AM - 11:10 AM,NAC506,40
INB372,3.0,12,TFZ,MW,08:00 AM - 09:30 AM,NAC503,40
INB372,3.0,13,TFZ,MW,11:20 AM - 12:50 PM,NAC503,40
INB372,3.0,14,FdF,ST,09:40 AM - 11:10 AM,NAC506,40
INB372,3.0,15,FdF,MW,08:00 AM - 09:30 AM,NAC619A,35
INB372,3.0,16,SSA1,ST,04:20 PM - 05:50 PM,NAC406,40
INB372,3.0,17,SSA1,MW,04:20 PM - 05:50 PM,NAC506,40
INB372,3.0,18,SSA1,ST,01:00 PM - 02:30 PM,NAC503,40
INB372,3.0,19,SaRn,ST,11:20 AM - 12:50 PM,SAC203,40
INB372,3.0,20,AFMO,RA,09:40 AM - 11:10 AM,NAC511,40
INB372,3.0,21,MeSK,MW,04:20 PM - 05:50 PM,NAC512,40
INB372,3.0,22,MeSK,MW,02:40 PM - 04:10 PM,NAC511,40
INB372,3.0,23,AFMO,RA,11:20 AM - 12:50 PM,NAC511,40
INB372,3.0,24,TBA,ST,04:20 PM - 05:50 PM,NAC202,0
INB400,3.0,1,MeI,ST,02:40 PM - 04:10 PM,NAC209,40
INB410,3.0,1,TMU,RA,01:00 PM - 02:30 PM,NAC512,40
INB480,3.0,1,AsMm,MW,01:00 PM - 02:30 PM,NAC512,40
INB490,3.0,1,Fzy,RA,11:20 AM - 12:50 PM,NAC503,40
LAW101,3.0,1,TAS,MW,02:40 PM - 04:10 PM,NAC315,40
LAW101,3.0,2,TAS,MW,04:20 PM - 05:50 PM,NAC617,42
LAW101,3.0,3,KTRS,MW,06:00 PM - 07:30 PM,NAC315,40
LAW101,3.0,4,TIR,F,03:00 PM - 06:30 PM,NAC618,42
LAW101,3.0,5,TTR,ST,08:00 AM - 09:30 AM,NAC617,42
LAW200,3.0,1,TAS,ST,01:00 PM - 02:30 PM,NAC405,42
LAW200,3.0,2,TAS,ST,04:20 PM - 05:50 PM,NAC405,42
LAW200,3.0,3,FRL,MW,02:40 PM - 04:10 PM,NAC617,42
LAW200,3.0,4,AMSN,ST,09:40 AM - 11:10 AM,NAC617,42
LAW200,3.0,5,AMSN,ST,11:20 AM - 12:50 PM,NAC405,42
LAW200,3.0,6,AMSN,ST,02:40 PM - 04:10 PM,NAC405,42
LAW200,3.0,7,ASO,A,04:20 PM - 07:20 PM,NAC414,40
LAW200,3.0,8,TIR,RA,04:20 PM - 05:50 PM,NAC618,42
LAW200,3.0,9,TIR,RA,06:00 PM - 07:30 PM,NAC315,42
LAW200,3.0,10,IBD,RA,01:00 PM - 02:30 PM,NAC315,42
LAW200,3.0,11,IBD,RA,04:20 PM - 05:50 PM,NAC617,42
LAW200,3.0,12,FRL,ST,09:40 AM - 11:10 AM,NAC315,42
LAW200,3.0,13,FRL,ST,11:20 AM - 12:50 PM,NAC315,42
LAW200,3.0,14,TTR,RA,02:40 PM - 04:10 PM,NAC315,42
LAW200,3.0,15,TTR,RA,04:20 PM - 05:50 PM,NAC315,42
LBA104,3.0,1,MNK,ST,08:00 AM - 09:30 AM,NAC509,40
LBA104,3.0,2,MNK,ST,11:20 AM - 12:50 PM,NAC515,40
LBA104,3.0,3,SFLM,MW,04:20 PM - 05:50 PM,NAC408,40
MAT116,3.0,1,AdA,RA,02:40 PM - 04:10 PM,SAC203,0
MAT116,3.0,2,AdA,RA,04:20 PM - 05:50 PM,SAC203,0
MAT116,3.0,3,Mde,RA,11:20 AM - 12:50 PM,NAC313,0
MAT116,3.0,4,Mde,RA,01:00 PM - 02:30 PM,NAC313,0
MAT116,3.0,5,FUA,RA,04:20 PM - 05:50 PM,NAC402,1
MAT116,3.0,6,FUA,RA,06:00 PM - 07:30 PM,NAC216,6
MAT116,3.0,7,BBN,RA,06:00 PM - 07:30 PM,NAC507,30
MAT116,3.0,9,MRM2,RA,01:00 PM - 02:30 PM,SAC211,0
MAT116,3.0,10,MRM2,RA,02:40 PM - 04:10 PM,SAC315,0
MAT116,3.0,11,KKAr,RA,01:00 PM - 02:30 PM,NAC216,0
MAT116,3.0,13,AMKn,RA,04:20 PM - 05:50 PM,NAC512,40
MAT116,3.0,15,NISD,MW,01:00 PM - 02:30 PM,NAC313,0
MAT116,3.0,16,NISD,MW,02:40 PM - 04:10 PM,NAC313,0
MAT116,3.0,18,AVC,ST,06:00 PM - 07:30 PM,SAC304,0
MAT116,3.0,20,AMKN,RA,06:00 PM - 07:30 PM,SAC203,1
MAT116,3.0,21,THR,RA,04:20 PM - 05:50 PM,NAC508,30
MAT116,3.0,24,MRHn,ST,06:00 PM - 07:30 PM,SAC203,1
MAT116,3.0,25,MHSN,ST,08:00 AM - 09:30 AM,SAC211,0
MAT116,3.0,26,MHSN,MW,08:00 AM - 09:30 AM,SAC203,0
MAT116,3.0,27,NSr,RA,06:00 PM - 07:30 PM,SAC204,4
MAT116,3.0,28,MTK,ST,06:00 PM - 07:30 PM,SAC208,2
MAT120,3.0,1,LSA,RA,08:00 AM - 09:30 AM,SAC208,30
MAT120,3.0,2,LSA,RA,09:40 AM - 11:10 AM,SAC208,30
MAT120,3.0,4,MMHn,RA,02:40 PM - 04:10 PM,SAC204,30
MAT120,3.0,5,MMHn,RA,04:20 PM - 05:50 PM,SAC309,30
MAT120,3.0,6,NSR,RA,01:00 PM - 02:30 PM,NAC1078,40
MAT120,3.0,7,NSr,RA,04:20 PM - 05:50 PM,SAC204,30
MAT120,3.0,10,ALQ,MW,04:20 PM - 05:50 PM,SAC203,30
MAT120,3.0,11,ALQ,MW,06:00 PM - 07:30 PM,SAC203,30
MAT120,3.0,12,MTM,ST,08:00 AM - 09:30 AM,SAC401,30
MAT120,3.0,13,MTM,ST,01:00 PM - 02:30 PM,SAC208,30
MAT120,3.0,14,ALQ,MW,01:00 PM - 02:30 PM,NAC992,30
MAT120,3.0,17,OMG,RA,01:00 PM - 02:30 PM,NAC508,30
MAT120,3.0,18,KKAr,RA,02:40 PM - 04:10 PM,NAC604,45
MAT120,3.0,19,CHh,RA,11:20 AM - 12:50 PM,SAC204,30
MAT120,3.0,20,CHh,RA,01:00 PM - 02:30 PM,SAC204,30
MAT120,3.0,22,LIZN,ST,11:20 AM - 12:50 PM,SAC309,0
MAT120,3.0,23,MHK3,RA,02:40 PM - 04:10 PM,NAC301,30
MAT120,3.0,24,LIZN,MW,09:40 AM - 11:10 AM,SAC309,0
MAT125,3.0,1,UMM,ST,09:40 AM - 11:10 AM,SAC208,30
MAT125,3.0,2,AUR,MW,08:00 AM - 09:30 AM,SAC211,30
MAT125,3.0,4,MS1,ST,08:00 AM - 09:30 AM,SAC315,30
MAT125,3.0,5,MS1,ST,01:00 PM - 02:30 PM,SAC203,30
MAT125,3.0,6,MFU,RA,11:20 AM - 12:50 PM,SAC203,30
MAT125,3.0,7,MFU,RA,01:00 PM - 02:30 PM,SAC203,30
MAT125,3.0,8,RKHN,MW,06:00 PM - 07:30 PM,NAC313,30
MAT125,3.0,9,TAa1,RA,11:20 AM - 12:50 PM,NAC301,30
MAT125,3.0,10,TAa1,RA,01:00 PM - 02:30 PM,NAC301,30
MAT125,3.0,11,AHBn,MW,04:20 PM - 05:50 PM,NAC508,30
MAT125,3.0,12,AHBn,MW,06:00 PM - 07:30 PM,SAC208,30
MAT125,3.0,13,Fdw,RA,08:00 AM - 09:30 AM,SAC203,30
MAT125,3.0,14,Fdw,RA,09:40 AM - 11:10 AM,SAC203,30
MAT125,3.0,15,MSHS,ST,09:40 AM - 11:10 AM,NAC507,30
MAT125,3.0,16,MSHS,ST,01:00 PM - 02:30 PM,SAC315,30
MAT125,3.0,17,AMK,RA,11:20 AM - 12:50 PM,NAC508,30
MAT125,3.0,18,NISD,ST,01:00 PM - 02:30 PM,NAC313,30
MAT125,3.0,20,KMRn,RA,02:40 PM - 04:10 PM,SAC211,30
MAT125,3.0,21,KKAr,RA,06:00 PM - 07:30 PM,NAC313,30
MAT125,3.0,22,MAS,MW,04:20 PM - 05:50 PM,SAC513,30
MAT125,3.0,23,MAS,MW,06:00 PM - 07:30 PM,SAC305,30
MAT125,3.0,24,AMK,RA,09:40 AM - 11:10 AM,NAC508,30
MAT125,3.0,25,OMG,RA,08:00 AM - 09:30 AM,SAC313,30
MAT130,3.0,1,MHK3,RA,04:20 PM - 05:50 PM,NAC301,30
MAT130,3.0,3,BBn,RA,01:00 PM - 02:30 PM,NAC307,30
MAT130,3.0,4,BBn,RA,02:40 PM - 04:10 PM,NAC307,30
MAT130,3.0,5,MS1,MW,08:00 AM - 09:30 AM,SAC401,30
MAT130,3.0,6,MS1,MW,01:00 PM - 02:30 PM,SAC208,30
MAT130,3.0,10,AKAd,ST,02:40 PM - 04:10 PM,SAC208,30
MAT130,3.0,11,MTM,MW,08:00 AM - 09:30 AM,SAC208,30
MAT130,3.0,12,MTM,MW,01:00 PM - 02:30 PM,SAC203,30
MAT130,3.0,13,THr,RA,11:20 AM - 12:50 PM,SAC208,30
MAT130,3.0,14,THr,RA,01:00 PM - 02:30 PM,SAC208,30
MAT130,3.0,17,SBW,RA,04:20 PM - 05:50 PM,NAC307,30
MAT130,3.0,18,SBW,RA,06:00 PM - 07:30 PM,NAC307,30
MAT130,3.0,19,KMRn,RA,04:20 PM - 05:50 PM,SAC211,30
MAT250,3.0,1,MSHS,MW,01:00 PM - 02:30 PM,SAC315,30
MAT250,3.0,2,MSHS,MW,02:40 PM - 04:10 PM,SAC315,30
MAT250,3.0,3,UMM,MW,09:40 AM - 11:10 AM,SAC203,30
MAT250,3.0,4,MLA,ST,11:20 AM - 12:50 PM,SAC315,30
MAT250,3.0,5,HAr,ST,09:40 AM - 11:10 AM,SAC211,30
MAT250,3.0,6,HAr,ST,11:20 AM - 12:50 PM,SAC211,30
MAT250,3.0,8,PNG,ST,04:20 PM - 05:50 PM,SAC211,30
MAT250,3.0,9,PNG,ST,06:00 PM - 07:30 PM,SAC211,30
MAT250,3.0,10,ATA,MW,09:40 AM - 11:10 AM,NAC313,30
MAT250,3.0,11,ATA,MW,11:20 AM - 12:50 PM,NAC313,30
MAT250,3.0,12,UMM,ST,11:20 AM - 12:50 PM,SAC208,30
MAT250,3.0,14,ZHn,MW,11:20 AM - 12:50 PM,SAC204,30
MAT250,3.0,16,MFU,RA,04:20 PM - 05:50 PM,NAC507,30
MAT350,3.0,1,AKAd,MW,11:20 AM - 12:50 PM,NAC507,30
MAT350,3.0,2,AKAd,MW,02:40 PM - 04:10 PM,SAC208,30
MAT350,3.0,3,HAr,MW,09:40 AM - 11:10 AM,SAC208,30
MAT350,3.0,4,HAr,MW,11:20 AM - 12:50 PM,SAC208,30
MAT350,3.0,5,UMM,MW,11:20 AM - 12:50 PM,SAC203,30
MAT350,3.0,6,ATA,ST,09:40 AM - 11:10 AM,NAC313,30
MAT350,3.0,7,MTH,ST,09:40 AM - 11:10 AM,SAC401,30
MAT350,3.0,8,MTH,ST,11:20 AM - 12:50 PM,SAC401,30
MAT350,3.0,9,MTH,MW,09:40 AM - 11:10 AM,SAC401,30
MAT350,3.0,10,PNG,MW,04:20 PM - 05:50 PM,SAC211,30
MAT350,3.0,11,PNG,MW,06:00 PM - 07:30 PM,SAC211,30
MAT350,3.0,13,ATA,ST,02:40 PM - 04:10 PM,SAC211,30
MAT361,3.0,3,HHS,ST,04:20 PM - 05:50 PM,SAC402,40
MAT361,3.0,4,HHS,ST,06:00 PM - 07:30 PM,SAC204,30
MAT361,3.0,5,HHS,MW,04:20 PM - 05:50 PM,NAC313,30
MAT361,3.0,6,HHS,MW,06:00 PM - 07:30 PM,SAC204,30
MAT361,3.0,8,AdS1,RA,09:40 AM - 11:10 AM,NAC313,30
MAT361,3.0,9,MLM,RA,09:40 AM - 11:10 AM,NAC216,30
MAT361,3.0,10,MLM,RA,11:20 AM - 12:50 PM,NAC216,30
MAT480,3.0,1,MLA,MW,04:20 PM - 05:50 PM,SAC315,30
MCJ101,3.0,1,NNK,ST,09:40 AM - 11:10 AM,NTR304,17
MCJ101,3.0,2,NNK,RA,09:40 AM - 11:10 AM,NTR304,18
MCJ101,3.0,3,NNK,RA,11:20 AM - 12:50 PM,NTR304,18
MCJ102,3.0,1,SRUA,ST,11:20 AM - 12:50 PM,NAC314,35
MCJ102,3.0,2,SRUA,ST,02:40 PM - 04:10 PM,NAC314,35
MCJ103,3.0,1,SRUA,MW,11:20 AM - 12:50 PM,NAC314,35
MCJ104,3.0,1,GNH,ST,11:20 AM - 12:50 PM,NAC601,40
MCJ104,3.0,2,GNH,ST,02:40 PM - 04:10 PM,NAC601,40
MCJ104,3.0,3,GNH,MW,11:20 AM - 12:50 PM,NAC601,40
MCJ104,3.0,4,GNH,MW,02:40 PM - 04:10 PM,NAC601,40
MCJ104,3.0,5,GNH,ST,04:20 PM - 05:50 PM,NAC601,40
MCJ104L,3.0,1,GNH,MW,09:40 AM - 11:10 AM,NTR202,25
MCJ201,3.0,1,NNI,MW,09:40 AM - 11:10 AM,NTR304,25
MCJ202,3.0,1,MHR3,MW,04:20 PM - 05:50 PM,NTR304,25
MCJ203,3.0,1,MEE,ST,01:00 PM - 02:30 PM,NTR304,25
MCJ203,3.0,2,MEE,MW,01:00 PM - 02:30 PM,NTR304,25
MCJ203L,3.0,1,MEE,ST,11:20 AM - 12:50 PM,NTR202,25
MCJ203L,3.0,2,MEE,MW,02:40 PM - 04:10 PM,TV LAB,15
MCJ204,3.0,1,SPL,ST,02:40 PM - 04:10 PM,NTR204,25
MCJ205,3.0,1,ZTZ,ST,02:40 PM - 04:10 PM,NTR304,25
MCJ302,3.0,2,ZTZ,RA,02:40 PM - 04:10 PM,NTR304,25
MCJ303,3.0,1,MKAR,MW,02:40 PM - 04:10 PM,NTR204,25
MCJ304,3.0,1,MHR3,ST,04:20 PM - 05:50 PM,NTR304,25
MCJ305,3.0,1,MKAR,MW,04:20 PM - 05:50 PM,NTR204,25
MCJ305L,3.0,1,MKAR,MW,11:20 AM - 12:50 PM,TV LAB,15
MCJ404,3.0,2,ZTZ,RA,09:40 AM - 11:10 AM,NAC413,40
MCJ405,3.0,1,SPL,ST,04:20 PM - 05:50 PM,NTR204,25
MCJ406,3.0,1,TBA,,TBA,TBA,45
MCJ406,3.0,2,TBA,,TBA,TBA,45
MCJ407,3.0,1,TBA,,TBA,TBA,45
MCJ407,3.0,2,TBA,,TBA,TBA,45
MCJ420,3.0,2,NNI,MW,02:40 PM - 04:10 PM,NTR304,25
MCJ420L,3.0,2,NNI,ST,11:20 AM - 12:50 PM,TV LAB,15
MGT212,3.0,1,JnA,ST,09:40 AM - 11:10 AM,NAC205,0
MGT212,3.0,2,JnA,ST,11:20 AM - 12:50 PM,NAC209,11
MGT212,3.0,3,JnA,ST,02:40 PM - 04:10 PM,NAC210,34
MGT212,3.0,4,UTH,RA,11:20 AM - 12:50 PM,NAC205,17
MGT212,3.0,5,ZbR,MW,02:40 PM - 04:10 PM,NAC216,21
MGT212,3.0,6,TMD,ST,08:00 AM - 09:30 AM,NAC204,30
MGT212,3.0,7,SDHN,ST,11:20 AM - 12:50 PM,NAC305,28
MGT212,3.0,8,SDHN,ST,01:00 PM - 02:30 PM,NAC204,32
MGT212,3.0,9,SRS2,MW,02:40 PM - 04:10 PM,NAC501,35
MGT212,3.0,10,GMA,ST,08:00 AM - 09:30 AM,NAC209,40
MGT212,3.0,11,GMA,ST,09:40 AM - 11:10 AM,NAC501,32
MGT212,3.0,12,ShH,MW,11:20 AM - 12:50 PM,NAC308,21
MGT212,3.0,13,ShH,MW,02:40 PM - 04:10 PM,NAC306,35
MGT212,3.0,14,Mli,ST,11:20 AM - 12:50 PM,NAC502,40
MGT212,3.0,15,Mli,ST,01:00 PM - 02:30 PM,NAC301,40
MGT212,3.0,16,QTI,ST,09:40 AM - 11:10 AM,NAC404,40
MGT212,3.0,17,QTI,MW,01:00 PM - 02:30 PM,NAC404,35
MGT212,3.0,18,SRS2,MW,11:20 AM - 12:50 PM,NAC502,32
MGT212,3.0,19,TYA,MW,08:00 AM - 09:30 AM,NAC307,40
MGT212,3.0,20,TYA,MW,09:40 AM - 11:10 AM,NAC619A,30
MGT212,3.0,21,FsZ,ST,01:00 PM - 02:30 PM,NAC404,39
MGT212,3.0,22,FsZ,ST,02:40 PM - 04:10 PM,NAC501,39
MGT212,3.0,23,MKR2,MW,04:20 PM - 05:50 PM,NAC216,40
MGT212,3.0,24,MKR2,MW,06:00 PM - 07:30 PM,NAC305,40
MGT212,3.0,25,TMD,MW,09:40 AM - 11:10 AM,NAC205,37
MGT212,3.0,26,SAI2,ST,01:00 PM - 02:30 PM,NAC501,39
MGT212,3.0,27,SAI2,ST,04:20 PM - 05:50 PM,NAC404,40
MGT212,3.0,28,Tnn,MW,02:40 PM - 04:10 PM,NAC204,34
MGT212,3.0,29,Tnn,ST,04:20 PM - 05:50 PM,NAC504,44
MGT212,3.0,30,SSH2,MW,04:20 PM - 05:50 PM,NAC205,40
MGT314,3.0,1,FAS,RA,04:20 PM - 05:50 PM,NAC305,40
MGT314,3.0,2,JAH,RA,04:20 PM - 05:50 PM,NAC504,45
MGT314,3.0,3,MPZ,MW,02:40 PM - 04:10 PM,NAC503,40
MGT314,3.0,4,MHCw,ST,02:40 PM - 04:10 PM,NAC619,45
MGT314,3.0,5,SNO,ST,02:40 PM - 04:10 PM,NAC404,40
MGT314,3.0,6,Mof,MW,01:00 PM - 02:30 PM,NAC301,40
MGT314,3.0,7,Mof,MW,04:20 PM - 05:50 PM,NAC619,45
MGT314,3.0,8,Mof,ST,01:00 PM - 02:30 PM,NAC205,40
MGT314,3.0,9,BSK,MW,02:40 PM - 04:10 PM,NAC404,40
MGT314,3.0,10,MHCw,ST,01:00 PM - 02:30 PM,NAC603,40
MGT314,3.0,11,MNRD,ST,06:00 PM - 07:30 PM,NAC210,40
MGT314,3.0,12,JAH,RA,06:00 PM - 07:30 PM,NAC204,35
MGT321,3.0,1,SSH2,MW,11:20 AM - 12:50 PM,NAC210,40
MGT330,3.0,1,ZMU,ST,11:20 AM - 12:50 PM,NAC204,35
MGT351,3.0,1,TMD,MW,08:00 AM - 09:30 AM,NAC306,35
MGT351,3.0,2,SYI,MW,11:20 AM - 12:50 PM,NAC501,40
MGT351,3.0,3,TBA,ST,09:40 AM - 11:10 AM,NAC305,40
MGT351,3.0,4,TBA,ST,11:20 AM - 12:50 PM,NAC404,39
MGT351,3.0,5,Alm,ST,09:40 AM - 11:10 AM,NAC210,40
MGT351,3.0,6,GMA,MW,08:00 AM - 09:30 AM,NAC210,40
MGT351,3.0,7,ShH,ST,11:20 AM - 12:50 PM,NAC501,40
MGT351,3.0,8,ShH,ST,02:40 PM - 04:10 PM,NAC306,35
MGT351,3.0,9,SYI,MW,01:00 PM - 02:30 PM,NAC604,45
MGT351,3.0,10,Mli,MW,09:40 AM - 11:10 AM,NAC308,40
MGT351,3.0,11,Mli,MW,11:20 AM - 12:50 PM,NAC306,35
MGT351,3.0,12,HMM1,ST,04:20 PM - 05:50 PM,NAC604,45
MGT351,3.0,13,HMM1,ST,06:00 PM - 07:30 PM,NAC404,40
MGT351,3.0,14,FsZ,MW,01:00 PM - 02:30 PM,NAC501,40
MGT351,3.0,15,FsZ,MW,02:40 PM - 04:10 PM,NAC308,40
MGT351,3.0,16,Tnn,MW,04:20 PM - 05:50 PM,NAC502,40
MGT351,3.0,17,Tnn,ST,02:40 PM - 04:10 PM,NAC604,45
MGT351,3.0,18,TuA,MW,09:40 AM - 11:10 AM,NAC619,45
MGT351,3.0,19,TuA,MW,11:20 AM - 12:50 PM,NAC619,45
MGT351,3.0,20,UHM,ST,11:20 AM - 12:50 PM,NAC210,40
MGT360,3.0,1,MHCw,MW,01:00 PM - 02:30 PM,NAC204,35
MGT368,3.0,1,SSH2,MW,08:00 AM - 09:30 AM,NAC205,40
MGT368,3.0,2,SmM4,ST,08:00 AM - 09:30 AM,NAC205,40
MGT368,3.0,3,ShL,ST,02:40 PM - 04:10 PM,NAC305,40
MGT368,3.0,4,SRS2,ST,01:00 PM - 02:30 PM,NAC308,40
MGT368,3.0,5,SRS2,ST,02:40 PM - 04:10 PM,NAC301,40
MGT368,3.0,6,MAO,ST,11:20 AM - 12:50 PM,NAC504,45
MGT368,3.0,7,SAI2,MW,01:00 PM - 02:30 PM,NAC502,40
MGT368,3.0,8,SAI2,MW,04:20 PM - 05:50 PM,NAC307,40
MGT368,3.0,9,AmTr,MW,09:40 AM - 11:10 AM,NAC204,35
MGT368,3.0,10,AmTr,MW,11:20 AM - 12:50 PM,NAC205,40
MGT368,3.0,11,LkK,MW,01:00 PM - 02:30 PM,NAC603,40
MGT368,3.0,12,LkK,ST,01:00 PM - 02:30 PM,NAC502,40
MGT368,3.0,13,MAO,ST,01:00 PM - 02:30 PM,NAC504,45
MGT368,3.0,14,ARSh,ST,11:20 AM - 12:50 PM,NAC991,45
MGT368,3.0,15,MRA1,ST,08:00 AM - 09:30 AM,NAC501,40
MGT410,3.0,1,NZQ,MW,02:40 PM - 04:10 PM,NAC205,40
MGT460,3.0,1,ZIA,ST,06:00 PM - 07:30 PM,NAC305,40
MGT489,3.0,1,JnA,MW,09:40 AM - 11:10 AM,NAC210,40
MGT489,3.0,2,ZMU,ST,09:40 AM - 11:10 AM,NAC209,40
MGT489,3.0,3,SDHN,MW,04:20 PM - 05:50 PM,NAC305,40
MGT489,3.0,4,MAO,MW,11:20 AM - 12:50 PM,NAC504,45
MGT489,3.0,5,MAO,MW,01:00 PM - 02:30 PM,NAC504,45
MGT489,3.0,6,SDHN,MW,02:40 PM - 04:10 PM,NAC210,40
MGT489,3.0,7,SSH2,ST,11:20 AM - 12:50 PM,NAC306,35
MGT489,3.0,8,ZkJ,RA,11:20 AM - 12:50 PM,NAC210,40
MGT489,3.0,9,SmM4,MW,08:00 AM - 09:30 AM,NAC502,40
MGT489,3.0,10,QTI,ST,01:00 PM - 02:30 PM,NAC306,35
MGT489,3.0,11,SRS2,MW,01:00 PM - 02:30 PM,NAC308,40
MGT489,3.0,12,ZkJ,RA,09:40 AM - 11:10 AM,NAC205,40
MGT490,3.0,1,ZTM,ST,01:00 PM - 02:30 PM,NAC601,40
MGT603,3.0,1,NZQ,T,07:00 PM - 10:10 PM,NAC602,30
MGT604,3.0,1,MKR2,A,03:00 PM - 06:30 PM,NAC513,30
MGT607,3.0,1,ShL,W,07:00 PM - 10:10 PM,NAC515,30
MGT670,3.0,1,JAH,R,07:00 PM - 10:10 PM,NAC605,30
MIC201,3.0,1,SKK,ST,09:40 AM - 11:10 AM,SAC405,40
MIC201,3.0,2,TBA,ST,04:20 PM - 05:50 PM,SAC405,36
MIC201,3.0,3,ABE,RA,11:20 AM - 12:50 PM,SAC405,40
MIC201,3.0,4,TBA,ST,08:00 AM - 09:30 AM,SAC206,35
MIC201,3.0,5,TBA,MW,04:20 PM - 05:50 PM,NAC513,40
MIC202,3.0,1,KFR,ST,01:00 PM - 02:30 PM,SAC405,40
MIC202,3.0,2,NIA,RA,01:00 PM - 02:30 PM,SAC206,35
MIC202,3.0,3,KFR,ST,02:40 PM - 04:10 PM,NAC513,40
MIC202,3.0,4,FHA,ST,09:40 AM - 11:10 AM,NAC1077,40
MIC202,3.0,5,FHA,ST,02:40 PM - 04:10 PM,NAC1077,40
MIC203,3.0,1,KFR,MW,01:00 PM - 02:30 PM,SAC405,37
MIC203,3.0,2,TBA,MW,04:20 PM - 05:50 PM,SAC405,40
MIC203,3.0,3,APZ,RA,01:00 PM - 02:30 PM,SAC407,40
MIC203,3.0,4,TBA,MW,08:00 AM - 09:30 AM,SAC206,35
MIC203,3.0,5,KFR,MW,09:40 AM - 11:10 AM,NAC214,35
MIC206,3.0,1,Fss1,ST,11:20 AM - 12:50 PM,SAC407,40
MIC206,3.0,2,Fss1,MW,01:00 PM - 02:30 PM,SAC403,40
MIC206,3.0,3,NIA,RA,09:40 AM - 11:10 AM,SAC407,40
MIC206,3.0,4,MSIM,RA,08:00 AM - 09:30 AM,SAC206,35
MIC207,3.0,1,TBA,MW,08:00 AM - 09:30 AM,SAC403,40
MIC207,3.0,2,MSIM,RA,11:20 AM - 12:50 PM,SAC206,35
MIC307,3.0,1,JSJ,ST,09:40 AM - 11:10 AM,SAC403,40
MIC307,3.0,2,KMRH,ST,02:40 PM - 04:10 PM,SAC403,40
MIC307,3.0,3,TBA,RA,09:40 AM - 11:10 AM,SAC403,0
MIC307,3.0,4,TBA,RA,01:00 PM - 02:30 PM,SAC405,0
MIC307,3.0,5,KMRH,ST,11:20 AM - 12:50 PM,SAC801A,35
MIC309,3.0,1,KMRH,MW,02:40 PM - 04:10 PM,SAC407,40
MIC309,3.0,2,ATP,MW,04:20 PM - 05:50 PM,SAC407,40
MIC309,3.0,3,ATP,MW,02:40 PM - 04:10 PM,SAC206,35
MIC309,3.0,4,KMRH,MW,11:20 AM - 12:50 PM,NAC513,40
MIC311,3.0,1,Mqn,ST,02:40 PM - 04:10 PM,NTR301,40
MIC314,3.0,1,TBA,ST,08:00 AM - 09:30 AM,SAC407,40
MIC314,3.0,2,TBA,ST,04:20 PM - 05:50 PM,SAC403,37
MIC314,3.0,3,MZAR,RA,11:20 AM - 12:50 PM,SAC407,40
MIC314,3.0,4,ABE,RA,08:00 AM - 09:30 AM,NTR204,30
MIC315,3.0,1,FHO,ST,08:00 AM - 09:30 AM,SAC405,40
MIC315,3.0,2,NBB,ST,11:20 AM - 12:50 PM,SAC403,40
MIC315,3.0,3,NBB,MW,11:20 AM - 12:50 PM,SAC403,40
MIC315,3.0,4,FHO,ST,09:40 AM - 11:10 AM,NAC513,40
MIC315L,3.0,1,FHO,W,02:40 PM - 05:40 PM,SAC413,20
MIC315L,3.0,2,FHO,W,02:40 PM - 05:40 PM,SAC413_V,20
MIC315L,3.0,3,FHO,S,02:40 PM - 05:40 PM,SAC413,20
MIC315L,3.0,4,FHO,S,02:40 PM - 05:40 PM,SAC413_V,20
MIC316,3.0,1,Fss1,ST,09:40 AM - 11:10 AM,SAC407,40
MIC316,3.0,2,TBA,MW,02:40 PM - 04:10 PM,SAC405,0
MIC316,3.0,3,JSJ,MW,04:20 PM - 05:50 PM,SAC403,40
MIC316L,3.0,1,JSJ,S,11:20 AM - 02:20 PM,SAC412,20
MIC316L,3.0,2,JSJ,S,11:20 AM - 02:20 PM,SAC412_V,20
MIC316L,3.0,3,JSJ,T,11:20 AM - 02:20 PM,SAC412,20
MIC316L,3.0,4,TBA,R,11:20 AM - 02:20 PM,SAC412,20
MIC316L,3.0,5,Fss1,R,11:20 AM - 02:20 PM,SAC412_V,20
MIC317,3.0,1,Fddn,ST,09:40 AM - 11:10 AM,SAC801A,35
MIC317,3.0,2,Fddn,ST,11:20 AM - 12:50 PM,NAC513,40
MIC317,3.0,3,CQA,ST,04:20 PM - 05:50 PM,SAC206,35
MIC317L,3.0,1,Fddn,S,02:40 PM - 05:50 PM,SAC414,20
MIC317L,3.0,2,Fddn,S,02:40 PM - 05:50 PM,SAC414_V,20
MIC317L,3.0,3,Fddn,T,02:40 PM - 05:50 PM,SAC414,20
MIC317L,3.0,4,Fddn,T,02:40 PM - 05:50 PM,SAC414_V,20
MIC318,3.0,1,MZAR,RA,08:00 AM - 09:30 AM,SAC407,40
MIC318,3.0,2,APZ,RA,09:40 AM - 11:10 AM,SAC405,40
MIC401,3.0,1,MHSR,ST,08:00 AM - 09:30 AM,SAC403,40
MIC401,3.0,2,MHSR,ST,01:00 PM - 02:30 PM,SAC403,40
MIC404,3.0,1,KSP,ST,02:40 PM - 04:10 PM,SAC407,40
MIC412,3.0,1,MTO,MW,09:40 AM - 11:10 AM,SAC407,40
MIC412,3.0,2,MTO,MW,11:20 AM - 12:50 PM,NAC1079,40
MIC413,3.0,1,Fss1,MW,11:20 AM - 12:50 PM,SAC407,40
MIC413,3.0,2,Fddn,MW,11:20 AM - 12:50 PM,SAC801A,35
MIC413,3.0,3,MHSR,ST,02:40 PM - 04:10 PM,NAC208,40
MIC413L,3.0,1,Fss1,T,02:40 PM - 05:40 PM,SAC412,20
MIC413L,3.0,2,Fss1,T,02:40 PM - 05:40 PM,SAC412_V,20
MIC413L,3.0,3,TBA,R,02:40 PM - 05:40 PM,SAC412,0
MIC413L,3.0,4,TBA,R,02:40 PM - 05:40 PM,SAC412_V,0
MIC414,3.0,1,MTO,ST,02:40 PM - 04:10 PM,SAC405,38
MIC414,3.0,2,MTO,MW,02:40 PM - 04:10 PM,SAC403,40
MIC414L,3.0,1,TBA,T,09:40 AM - 12:50 PM,SAC413_V,20
MIC414L,3.0,2,TBA,R,11:20 AM - 02:30 PM,SAC414,20
MIC414L,3.0,3,TBA,R,11:20 AM - 02:30 PM,SAC414_V,20
MIC415,3.0,1,KSP,ST,01:00 PM - 02:30 PM,SAC407,40
MIC415,3.0,2,KSP,MW,01:00 PM - 02:30 PM,SAC407,40
MIC415,3.0,3,MHSR,RA,08:00 AM - 09:30 AM,SAC403,40
MIC415L,3.0,1,KSP,R,02:40 PM - 05:40 PM,SAC413,20
MIC415L,3.0,2,KSP,M,02:40 PM - 05:40 PM,SAC413,20
MIC415L,3.0,3,KSP,M,02:40 PM - 05:40 PM,SAC413_V,20
MIC416,3.0,1,Fddn,MW,09:40 AM - 11:10 AM,SAC403,40
MIC498,3.0,1,TBA,,TBA,TBA,100
MIS107,3.0,1,UTH,ST,01:00 PM - 02:30 PM,NTR301,28
MIS107,3.0,2,UTH,ST,02:40 PM - 04:10 PM,NTR302,33
MIS107,3.0,3,MNC,ST,09:40 AM - 11:10 AM,NTR202,19
MIS107,3.0,4,MNC,ST,11:20 AM - 12:50 PM,NTR302,30
MIS107,3.0,5,TBA,MW,08:00 AM - 09:30 AM,NTR302,38
MIS107,3.0,6,AIK,ST,01:00 PM - 02:30 PM,NTR202,35
MIS107,3.0,8,Mki,RA,08:00 AM - 09:30 AM,NTR301,40
MIS107,3.0,9,NwA,MW,08:00 AM - 09:30 AM,NTR301,38
MIS107,3.0,10,NwA,MW,09:40 AM - 11:10 AM,NAC502,30
MIS107,3.0,11,MMS3,RA,08:00 AM - 09:30 AM,NTR202,40
MIS107,3.0,12,MMS3,RA,11:20 AM - 12:50 PM,NTR301,35
MIS107,3.0,13,AbKr,RA,08:00 AM - 09:30 AM,NTR302,39
MIS107,3.0,14,ASA1,RA,01:00 PM - 02:30 PM,NTR302,35
MIS107,3.0,15,ASA1,RA,04:20 PM - 05:50 PM,NTR202,39
MIS107,3.0,16,Rzz,RA,11:20 AM - 12:50 PM,NTR202,33
MIS107,3.0,17,Rzz,RA,02:40 PM - 04:10 PM,NTR301,40
MIS107,3.0,18,ANU,RA,02:40 PM - 04:10 PM,NAC501,37
MIS107,3.0,19,ANU,RA,04:20 PM - 05:50 PM,NTR301,40
MIS107,3.0,20,StRn,RA,01:00 PM - 02:30 PM,NAC504,45
MIS107,3.0,22,KMS2,MW,11:20 AM - 12:50 PM,NTR202,39
MIS107,3.0,23,Ayn,ST,01:00 PM - 02:30 PM,NTR302,40
MIS107,3.0,24,Ayn,ST,02:40 PM - 04:10 PM,NAC504,45
MIS107,3.0,25,YAR,RA,09:40 AM - 11:10 AM,NTR302,36
MIS107,3.0,26,YAR,MW,02:40 PM - 04:10 PM,NTR302,39
MIS107,3.0,27,RAR,ST,04:20 PM - 05:50 PM,NTR302,39
MIS107,3.0,28,RAR,RA,01:00 PM - 02:30 PM,NTR202,40
MIS107,3.0,29,Fss,ST,08:00 AM - 09:30 AM,NTR202,38
MIS107,3.0,30,MbT,MW,04:20 PM - 05:50 PM,NTR202,40
MIS107,3.0,31,MRSD,ST,04:20 PM - 05:50 PM,NTR202,40
MIS107,3.0,32,MTAD,MW,04:20 PM - 05:50 PM,NTR302,40
MIS107,3.0,33,MTAD,RA,04:20 PM - 05:50 PM,NTR302,40
MIS107,3.0,34,TBA,MW,09:40 AM - 11:10 AM,NTR302,39
MIS107,3.0,35,AIK,MW,01:00 PM - 02:30 PM,NTR202,39
MIS107,3.0,36,AIK,MW,02:40 PM - 04:10 PM,NTR301,38
MIS107,3.0,37,NwA,ST,08:00 AM - 09:30 AM,NTR301,40
MIS107,3.0,38,KMS2,MW,09:40 AM - 11:10 AM,NAC504,45
MIS107,3.0,39,EhN,ST,08:00 AM - 09:30 AM,NTR302,24
MIS107,3.0,40,TBA,ST,04:20 PM - 05:50 PM,NTR301,40
MIS107,3.0,41,RJM,ST,02:40 PM - 04:10 PM,NAC602,0
MIS107,3.0,42,RJM,MW,11:20 AM - 12:50 PM,NAC208,0
MIS207,3.0,1,TBA,RA,08:00 AM - 09:30 AM,NAC507,45
MIS207,3.0,2,MTAD,MW,06:00 PM - 07:30 PM,NTR202,40
MIS207,3.0,3,TBA,MW,04:20 PM - 05:50 PM,NAC210,40
MIS207,3.0,4,AIK,ST,04:20 PM - 05:50 PM,NAC204,35
MIS207,3.0,5,Mki,RA,09:40 AM - 11:10 AM,NTR301,40
MIS207,3.0,6,NwA,ST,09:40 AM - 11:10 AM,NTR301,40
MIS207,3.0,7,MMb,RA,09:40 AM - 11:10 AM,NTR202,40
MIS207,3.0,8,MMb,RA,01:00 PM - 02:30 PM,NTR301,40
MIS207,3.0,9,AbKr,RA,11:20 AM - 12:50 PM,NAC501,40
MIS207,3.0,11,Ayn,MW,01:00 PM - 02:30 PM,NTR301,40
MIS207,3.0,12,Ayn,MW,02:40 PM - 04:10 PM,NTR202,40
MIS207,3.0,13,YAR,RA,11:20 AM - 12:50 PM,NTR302,40
MIS207,3.0,14,YAR,MW,04:20 PM - 05:50 PM,NAC504,45
MIS207,3.0,15,RAR,RA,02:40 PM - 04:10 PM,NTR302,40
MIS210,3.0,1,MNC,MW,11:20 AM - 12:50 PM,NTR302,40
MIS310,3.0,1,KMS2,ST,11:20 AM - 12:50 PM,NTR301,40
MIS320,3.0,1,MTAD,RA,06:00 PM - 07:30 PM,NTR202,40
MGT470/MIS410,3.0,1,RAR,ST,06:00 PM - 07:30 PM,NTR202,40
MIS450,3.0,1,MNC,ST,06:00 PM - 07:30 PM,NAC306,35
MIS470,3.0,1,MNC,MW,01:00 PM - 02:30 PM,NTR302,40
MIS652,3.0,1,ABKr,M,07:00 PM - 10:10 PM,NAC515,30
MIS657,3.0,1,MNC,F,09:00 AM - 12:30 PM,NTR301,30
MIS661,3.0,1,ZkJ,F,07:00 PM - 10:10 PM,NAC991,30
MIS662,3.0,1,MDMI,F,07:00 PM - 10:10 PM,NAC511,30
MKT202,3.0,1,Tmr,MW,11:20 AM - 12:50 PM,NAC214,0
MKT202,3.0,2,MHHS,MW,08:00 AM - 09:30 AM,NAC511,24
MKT202,3.0,3,Fna1,MW,02:40 PM - 04:10 PM,NAC619A,12
MKT202,3.0,4,SeH,ST,02:40 PM - 04:10 PM,NAC511,26
MKT202,3.0,5,MHZ,ST,04:20 PM - 05:50 PM,NAC503,35
MKT202,3.0,6,SSA1,MW,01:00 PM - 02:30 PM,NAC503,29
MKT202,3.0,7,MHHS,MW,09:40 AM - 11:10 AM,NAC511,0
MKT202,3.0,8,FCH,RA,02:40 PM - 04:10 PM,NAC503,31
MKT202,3.0,9,FCH,ST,11:20 AM - 12:50 PM,NAC511,0
MKT202,3.0,10,FCH,ST,01:00 PM - 02:30 PM,NAC511,28
MKT202,3.0,11,Fzy,RA,01:00 PM - 02:30 PM,NAC511,29
MKT202,3.0,12,IJS,ST,08:00 AM - 09:30 AM,NAC301,36
MKT202,3.0,13,FHZ,ST,09:40 AM - 11:10 AM,NAC301,27
MKT202,3.0,14,FHZ,ST,11:20 AM - 12:50 PM,NAC301,34
MKT202,3.0,15,SNE,ST,09:40 AM - 11:10 AM,NAC619A,28
MKT202,3.0,16,SNE,ST,11:20 AM - 12:50 PM,NAC619A,31
MKT202,3.0,17,ZTK,ST,04:20 PM - 05:50 PM,NAC512,39
MKT202,3.0,18,ZTK,ST,02:40 PM - 04:10 PM,NAC503,39
MKT202,3.0,19,MM1,RA,08:00 AM - 09:30 AM,NAC506,38
MKT202,3.0,20,MM1,RA,11:20 AM - 12:50 PM,NAC506,32
MKT202,3.0,21,NYM,ST,08:00 AM - 09:30 AM,NAC619A,21
MKT202,3.0,22,NYM,ST,09:40 AM - 11:10 AM,NAC503,23
MKT202,3.0,23,MeSK,RA,01:00 PM - 02:30 PM,NAC209,34
MKT202,3.0,24,MeSK,RA,04:20 PM - 05:50 PM,NAC503,38
MKT202,3.0,25,TFZ,ST,08:00 AM - 09:30 AM,NAC512,40
MKT202,3.0,26,TFZ,ST,11:20 AM - 12:50 PM,NAC503,37
MKT202,3.0,27,SNE,MW,11:20 AM - 12:50 PM,NAC512,39
MKT202,3.0,28,Fss,MW,06:00 PM - 07:30 PM,NAC202,35
MKT202,3.0,29,Fss,MW,04:20 PM - 05:50 PM,NAC619A,33
MKT202,3.0,30,MJJ,RA,11:20 AM - 12:50 PM,NAC621,34
MKT202,3.0,31,Fna1,MW,11:20 AM - 12:50 PM,NAC619A,32
MKT202,3.0,32,AFMO,MW,06:00 PM - 07:30 PM,NAC309,37
MKT202,3.0,33,AFMO,MW,04:20 PM - 05:50 PM,NAC209,40
MKT202,3.0,34,McM,ST,11:20 AM - 12:50 PM,NAC620,0
MKT202,3.0,35,McM,ST,01:00 PM - 02:30 PM,NAC620,0
MKT330,3.0,1,EhN,RA,11:20 AM - 12:50 PM,NAC619A,35
MKT330,3.0,2,RDA,MW,04:20 PM - 05:50 PM,NAC511,40
MKT330,3.0,3,EhN,RA,09:40 AM - 11:10 AM,NAC619A,35
MKT330,3.0,4,EhN,ST,01:00 PM - 02:30 PM,NAC506,40
MKT330,3.0,5,NYM,MW,08:00 AM - 09:30 AM,NAC506,40
MKT330,3.0,6,NYM,MW,09:40 AM - 11:10 AM,NAC503,40
MKT337,3.0,1,Fna1,ST,01:00 PM - 02:30 PM,NAC512,40
MKT337,3.0,2,Fna1,ST,02:40 PM - 04:10 PM,NAC512,40
MKT337,3.0,3,Rfe,MW,09:40 AM - 11:10 AM,NAC209,40
MKT337,3.0,4,MHZ,ST,02:40 PM - 04:10 PM,NAC619A,35
MKT337,3.0,5,SNE,MW,09:40 AM - 11:10 AM,NAC512,40
MKT337,3.0,6,Onf,ST,11:20 AM - 12:50 PM,NAC621,40
MKT337,3.0,7,Fss,ST,09:40 AM - 11:10 AM,NAC512,40
MKT337,3.0,8,Fss,ST,11:20 AM - 12:50 PM,NAC512,40
MKT344,3.0,1,IJS,MW,08:00 AM - 09:30 AM,NAC209,40
MKT344,3.0,2,IJS,MW,11:20 AM - 12:50 PM,NAC216,40
MKT344,3.0,3,Rfe,MW,08:00 AM - 09:30 AM,NAC301,40
MKT344,3.0,4,Onf,MW,08:00 AM - 09:30 AM,NAC512,40
MKT344,3.0,5,Onf,MW,11:20 AM - 12:50 PM,NAC511,40
MKT344,3.0,6,FCH,RA,01:00 PM - 02:30 PM,NAC619A,35
MKT344,3.0,7,FdF,ST,11:20 AM - 12:50 PM,NAC506,40
MKT355,3.0,1,ZbR,ST,04:20 PM - 05:50 PM,NAC619A,35
MKT382,3.0,1,MeI,ST,04:20 PM - 05:50 PM,NAC209,40
MKT382,3.0,2,MHZ,RA,09:40 AM - 11:10 AM,NAC209,40
MKT382,3.0,3,SaRn,MW,01:00 PM - 02:30 PM,NAC619A,35
MKT412,3.0,1,ZTK,MW,01:00 PM - 02:30 PM,NAC214,35
MKT412,3.0,2,IJS,ST,11:20 AM - 12:50 PM,NAC214,35
MKT417,3.0,1,FdF,ST,04:20 PM - 05:50 PM,NAC621,40
MKT450,3.0,1,Rfe,ST,09:40 AM - 11:10 AM,NAC214,35
MKT460,3.0,1,Rfe,ST,08:00 AM - 09:30 AM,NAC503,40
MKT460,3.0,2,SeH,MW,04:20 PM - 05:50 PM,NAC620,40
MKT460,3.0,3,SeH,MW,06:00 PM - 07:30 PM,NAC406,40
MKT460,3.0,4,Mbt,ST,02:40 PM - 04:10 PM,NAC506,40
MKT460,3.0,5,Mbt,ST,04:20 PM - 05:50 PM,NAC506,40
MKT460,3.0,6,Mbt,MW,01:00 PM - 02:30 PM,NAC209,40
MKT465,3.0,1,ZTK,MW,04:20 PM - 05:50 PM,NAC503,40
MKT465,3.0,2,SeH,ST,04:20 PM - 05:50 PM,NAC511,40
MKT465,3.0,3,Onf,ST,01:00 PM - 02:30 PM,NAC619A,35
MKT470,3.0,1,Tmr,MW,02:40 PM - 04:10 PM,NAC209,40
MKT470,3.0,2,DsR,MW,04:20 PM - 05:50 PM,NAC301,40
MKT470,3.0,3,DsR,MW,02:40 PM - 04:10 PM,NAC506,40
MKT470,3.0,5,MTdI,RA,04:20 PM - 05:50 PM,NAC209,40
MKT470,3.0,6,MNE,ST,04:20 PM - 05:50 PM,NAC301,40
MKT470,3.0,7,MJJ,MW,01:00 PM - 02:30 PM,SAC314,40
MKT475,3.0,1,MTdI,RA,02:40 PM - 04:10 PM,NAC209,40
MKT621,3.0,1,RUE,M,07:00 PM - 10:10 PM,NAC512A,30
MKT623,3.0,1,MM1,F,07:00 PM - 10:10 PM,NAC605,30
MKT624,3.0,1,RDA,S,07:00 PM - 10:10 PM,NAC512A,30
MKT627,3.0,1,DSr,W,07:00 PM - 10:10 PM,NAC620,30
MKT628,3.0,1,KNM1,T,07:00 PM - 10:10 PM,NAC619,30
MKT630,3.0,1,ABSH,F,09:00 AM - 12:30 PM,NTR302,30
MKT633,3.0,1,KNM1,M,07:00 PM - 10:10 PM,NAC619,30
MKT634,3.0,1,Mjj,R,07:00 PM - 10:10 PM,NAC508,30
MKT636,3.0,1,MTDI,A,07:00 PM - 10:10 PM,NTR302,30
PAD201,3.0,1,SRUA,MW,02:40 PM - 04:10 PM,NAC303,35
PAD201,3.0,2,SuA2,RA,08:00 AM - 09:30 AM,NAC304,35
PAD201,3.0,3,HMY,RA,01:00 PM - 02:30 PM,NAC314,34
PAD201,3.0,4,HMY,RA,02:40 PM - 04:10 PM,NAC303,35
PAD201,3.0,5,RZU,RA,06:00 PM - 07:30 PM,NAC303,35
PAD201,3.0,6,SAE,MW,06:00 PM - 07:30 PM,NAC216,35
PBH101,3.0,1,SBAH,ST,01:00 PM - 02:30 PM,SAC202,2
PBH101,3.0,2,SBAH,ST,09:40 AM - 11:10 AM,SAC204,0
PBH101,3.0,3,SBAH,ST,08:00 AM - 09:30 AM,SAC204,33
PBH101,3.0,4,SNL,RA,08:00 AM - 09:30 AM,SAC202,38
PBH101,3.0,5,AIR,ST,11:20 AM - 12:50 PM,SAC202,31
PBH101,3.0,6,Sbs,ST,04:20 PM - 05:50 PM,SAC202,39
PBH101,3.0,7,SgD,ST,06:00 PM - 07:30 PM,SAC201,40
PBH101,3.0,8,SHMF,ST,08:00 AM - 09:30 AM,OAT602,79
PBH101,3.0,9,MIMd,ST,11:20 AM - 12:50 PM,SAC201,38
PBH101,3.0,10,SbS,ST,02:40 PM - 04:10 PM,SAC201,37
PBH101,3.0,11,MIMd,ST,04:20 PM - 05:50 PM,SAC201,39
PBH101,3.0,12,TBA,ST,06:00 PM - 07:30 PM,SAC202,40
PBH101,3.0,13,AIR,ST,08:00 AM - 09:30 AM,SAC201,38
PBH101,3.0,14,SHMF,ST,04:20 PM - 05:50 PM,SAC204,40
PBH101,3.0,15,SzP,MW,08:00 AM - 09:30 AM,SAC202,40
PBH101,3.0,16,SYK,MW,08:00 AM - 09:30 AM,NAC216,39
PBH101,3.0,17,AIR,MW,11:20 AM - 12:50 PM,SAC201,25
PBH101,3.0,18,ZZS,MW,01:00 PM - 02:30 PM,SAC202,35
PBH101,3.0,19,TBA,MW,02:40 PM - 04:10 PM,SAC202,38
PBH101,3.0,20,AIR,MW,04:20 PM - 05:50 PM,SAC201,36
PBH101,3.0,21,RCR,MW,06:00 PM - 07:30 PM,SAC201,40
PBH101,3.0,22,TBA,MW,06:00 PM - 07:30 PM,SAC202,40
PBH101,3.0,23,SNL,MW,02:40 PM - 04:10 PM,SAC201,13
PBH101,3.0,24,RCR,MW,04:20 PM - 05:50 PM,SAC202,39
PBH101,3.0,25,SHMF,RA,04:20 PM - 05:50 PM,SAC202,5
PBH101,3.0,26,TBA,RA,09:40 AM - 11:10 AM,SAC204,38
PBH101,3.0,27,NZZ,RA,11:20 AM - 12:50 PM,SAC202,39
PBH101,3.0,28,TBA,RA,01:00 PM - 02:30 PM,NAC507,39
PBH101,3.0,29,TBA,RA,06:00 PM - 07:30 PM,SAC202,40
PBH101,3.0,30,SgD,RA,01:00 PM - 02:30 PM,SAC202,40
PBH101,3.0,31,SoM,RA,06:00 PM - 07:30 PM,SAC201,40
PBH101,3.0,32,BCh,ST,09:40 AM - 11:10 AM,SAC202,39
PBH101,3.0,33,Sbs,RA,11:20 AM - 12:50 PM,SAC201,40
PBH101,3.0,34,Sbs,RA,01:00 PM - 02:30 PM,SAC201,39
PBH101,3.0,35,SoM,RA,02:40 PM - 04:10 PM,SAC202,39
PBH101,3.0,36,SYK,RA,04:20 PM - 05:50 PM,SAC201,40
PBH101,3.0,37,SgD,RA,09:40 AM - 11:10 AM,SAC202,40
PBH101,3.0,38,TBA,ST,02:40 PM - 04:10 PM,SAC202,40
PBH101,3.0,39,SzP,MW,09:40 AM - 11:10 AM,SAC202,39
PBH101,3.0,40,Szp,MW,01:00 PM - 02:30 PM,SAC201,40
PBH101,3.0,41,HtN,MW,11:20 AM - 12:50 PM,SAC202,40
PBH101,3.0,42,SgD,ST,08:00 AM - 09:30 AM,SAC202,40
PBH101,3.0,43,TBA,MW,08:00 AM - 09:30 AM,SAC204,40
PBH101,3.0,44,AIR,MW,09:40 AM - 11:10 AM,SAC204,39
PBH101L,3.0,1,SNL,A,11:20 AM - 12:50 PM,SAC411,19
PBH101L,3.0,2,MIMd,S,01:00 PM - 02:30 PM,SAC411,1
PBH101L,3.0,3,SoM,S,02:40 PM - 04:10 PM,SAC411,11
PBH101L,3.0,4,ZZS,M,09:40 AM - 11:10 AM,SAC411,6
PBH101L,3.0,5,MIMd,M,11:20 AM - 12:50 PM,SAC411,20
PBH101L,3.0,6,SYK,M,01:00 PM - 02:30 PM,SAC411,20
PBH101L,3.0,7,MIMd,M,02:40 PM - 04:10 PM,SAC411,20
PBH101L,3.0,9,SoM,T,01:00 PM - 02:30 PM,SAC411,16
PBH101L,3.0,10,SoM,T,02:40 PM - 04:10 PM,SAC411,20
PBH101L,3.0,11,ZZS,W,09:40 AM - 11:10 AM,SAC411,20
PBH101L,3.0,12,SNL,W,11:20 AM - 12:50 PM,SAC411,5
PBH101L,3.0,13,SNL,W,01:00 PM - 02:30 PM,SAC411,20
PBH101L,3.0,14,ZZS,W,02:40 PM - 04:10 PM,SAC411_V,20
PBH101L,3.0,15,SYK,R,01:00 PM - 02:30 PM,SAC411,20
PBH101L,3.0,16,SYK,R,02:40 PM - 04:10 PM,SAC411,20
PBH101L,3.0,17,SHMF,A,09:40 AM - 11:10 AM,SAC411,19
PBH101L,3.0,18,SYK,A,11:20 AM - 12:50 PM,SAC411_V,19
PBH101L,3.0,19,SYK,A,01:00 PM - 02:30 PM,SAC411,20
PBH101L,3.0,20,SYK,A,02:40 PM - 04:10 PM,SAC411,20
PBH101L,3.0,21,SNL,A,09:40 AM - 11:10 AM,SAC411_V,20
PBH101L,3.0,22,SHMF,S,11:20 AM - 12:50 PM,SAC411_V,4
PBH101L,3.0,23,SoM,S,01:00 PM - 02:30 PM,SAC411_V,12
PBH101L,3.0,24,MIMd,S,02:40 PM - 04:10 PM,SAC411_V,18
PBH101L,3.0,25,TBA,M,09:40 AM - 11:10 AM,SAC411_V,20
PBH101L,3.0,26,SNL,M,11:20 AM - 12:50 PM,SAC411_V,20
PBH101L,3.0,27,TBA,M,01:00 PM - 02:30 PM,SAC411_V,20
PBH101L,3.0,28,SYK,M,02:40 PM - 04:10 PM,SAC411_V,20
PBH101L,3.0,29,TBA,T,09:40 AM - 11:10 AM,SAC411_V,20
PBH101L,3.0,30,TBA,T,11:20 AM - 12:50 PM,SAC411_V,20
PBH101L,3.0,31,MIMd,T,01:00 PM - 02:30 PM,SAC411_V,20
PBH101L,3.0,32,MIMd,T,02:40 PM - 04:10 PM,SAC411_V,20
PBH101L,3.0,33,SNL,W,09:40 AM - 11:10 AM,SAC411_V,20
PBH101L,3.0,34,ZZS,W,11:20 AM - 12:50 PM,SAC411_V,11
PBH101L,3.0,36,TBA,W,02:40 PM - 04:10 PM,SAC411,20
PBH101L,3.0,38,ZZS,R,02:40 PM - 04:10 PM,SAC411_V,17
PBH105,3.0,1,SNL,RA,02:40 PM - 04:10 PM,SAC201,40
PBH105,3.0,2,SYK,MW,09:40 AM - 11:10 AM,SAC201,40
PBH105,3.0,3,SHMF,ST,01:00 PM - 02:30 PM,SAC201,40
PBH105,3.0,4,SHMF,RA,08:00 AM - 09:30 AM,SAC201,40
PBH123,3.0,1,ZZS,MW,08:00 AM - 09:30 AM,SAC201,40
PBH123,3.0,2,SoM,ST,09:40 AM - 11:10 AM,SAC201,40
PBH123,3.0,3,TBA,RA,09:40 AM - 11:10 AM,SAC201,40
PBH602,3.0,1,SMSR,F,03:00 PM - 06:00 PM,SAC403,0
PBH602,3.0,2,DHH,F,03:00 PM - 06:00 PM,SAC402,0
PBH602,3.0,4,DKM,F,03:00 PM - 06:00 PM,SAC401,0
PBH602,3.0,15,TBA,F,03:00 PM - 06:00 PM,SAC210,80
PBH605,3.0,1,MZIm,,TBA,TBA,45
PBH605,3.0,2,DHH,,TBA,TBA,45
PBH605,3.0,3,HtN,,TBA,TBA,45
PBH609,3.0,1,MZIm,F,07:30 AM - 10:30 AM,SAC402,40
PBH611,3.0,1,DKM,M,06:00 PM - 09:10 PM,SAC401,40
PBH611,3.0,2,TBA,F,07:30 AM - 10:30 AM,SAC405,40
PBH611,3.0,3,DKM,F,10:35 AM - 01:20 PM,SAC401,40
PBH631,3.0,1,KqZ,T,06:00 PM - 09:10 PM,SAC402,40
PBH631,3.0,3,TBA,F,06:10 PM - 09:00 PM,SAC404,45
PBH642,3.0,1,MIMd,S,06:00 PM - 09:10 PM,SAC402,40
PBH642,3.0,2,MMHK,F,07:30 AM - 10:30 AM,SAC406,40
PBH642,3.0,3,SBAH,F,10:35 AM - 01:20 PM,SAC407,40
PBH644,3.0,1,SMSR,F,06:10 PM - 09:00 PM,SAC401,40
PBH663,3.0,1,SgD,W,06:00 PM - 09:10 PM,SAC402,40
PBH663,3.0,2,SzP,F,03:00 PM - 06:00 PM,SAC407,40
PBH663,3.0,3,SzP,F,06:10 PM - 09:00 PM,SAC403,40
PBH672,3.0,2,HtN,F,10:35 AM - 01:20 PM,SAC404,40
PBH681,3.0,1,BCh,F,10:35 AM - 01:20 PM,SAC406,40
PBH701,3.0,2,MZIm,F,10:35 AM - 01:20 PM,SAC405,40
PBH701,3.0,3,HtN,F,03:00 PM - 06:00 PM,SAC404,40
PBH704,3.0,1,ZqAA,F,07:30 AM - 10:30 AM,SAC407,40
PBH711,3.0,1,ISR,S,06:00 PM - 09:10 PM,LIB610,40
PBH711,3.0,3,Hmn,F,07:30 AM - 10:30 AM,LIB610,40
PBH712,3.0,1,SMSR,R,06:00 PM - 09:00 PM,SAC402,40
PBH712,3.0,2,SBAH,F,07:30 AM - 10:30 AM,SAC404,40
PBH712,3.0,3,SMSR,F,10:35 AM - 01:20 PM,SAC403,40
PBH713,3.0,1,BCh,F,07:30 AM - 10:30 AM,SAC403,40
PBH714,3.0,1,ZZS,F,03:00 PM - 06:00 PM,LIB610,40
PBH714,3.0,2,ZZS,F,06:10 PM - 09:00 PM,LIB610,40
PBH742,3.0,1,MTI,F,03:00 PM - 06:00 PM,SAC310,40
PBH742,3.0,2,DHH,F,10:35 AM - 01:20 PM,SAC402,40
PBH761,3.0,1,SMSR,F,07:30 AM - 10:30 AM,SAC401,40
PBH781,3.0,1,BCh,F,03:00 PM - 06:00 PM,SAC405,40
PBH782,3.0,1,MIMd,F,03:00 PM - 06:00 PM,SAC311,40
PBH805,3.0,1,SMSR,,TBA,TBA,0
PBH805,3.0,2,DHH,,TBA,TBA,0
PBH805,3.0,4,DKM,,TBA,TBA,0
PBH805,3.0,7,HtN,,TBA,TBA,0
PBH805,3.0,8,BCh,,TBA,TBA,0
PBH805,3.0,9,MZIm,,TBA,TBA,0
PBH805,3.0,10,SBAH,,TBA,TBA,0
PBH805,3.0,15,TBA,,TBA,TBA,45
PBH805,3.0,16,TBA,,TBA,TBA,45
PBH806,3.0,1,SMSR,,TBA,TBA,45
PBH806,3.0,2,DHH,,TBA,TBA,45
PBH806,3.0,4,DKM,,TBA,TBA,45
PBH806,3.0,7,HtN,,TBA,TBA,45
PBH806,3.0,8,BCh,,TBA,TBA,45
PBH806,3.0,9,MZIm,,TBA,TBA,45
PBH806,3.0,10,SBAH,,TBA,TBA,45
PBH806,3.0,15,TBA,,TBA,TBA,45
PBH806,3.0,16,TBA,,TBA,TBA,45
PBH842,3.0,1,HtN,F,06:10 PM - 09:00 PM,SAC402,40
PBH842,3.0,2,SBAH,F,03:00 PM - 06:00 PM,SAC406,40
PBH842,3.0,3,HtN,M,06:00 PM - 09:10 PM,SAC402,40
PHI101,3.0,1,JSU,RA,08:00 AM - 09:30 AM,NAC407,44
PHI101,3.0,2,JSU,RA,09:40 AM - 11:10 AM,NAC406,39
PHI101,3.0,3,JSU,RA,01:00 PM - 02:30 PM,NAC407,44
PHI101,3.0,4,Mtn4,RA,09:40 AM - 11:10 AM,NAC407,45
PHI101,3.0,5,Mtn4,RA,11:20 AM - 12:50 PM,NAC407,44
PHI101,3.0,6,Mtn4,RA,02:40 PM - 04:10 PM,NAC407,45
PHI101,3.0,7,SYN,MW,08:00 AM - 09:30 AM,NAC201,30
PHI101,3.0,8,TBA,MW,04:20 PM - 05:50 PM,NAC620,40
PHI101,3.0,9,TBA,MW,06:00 PM - 07:30 PM,NAC413,40
PHI104,3.0,1,MNT,RA,09:40 AM - 11:10 AM,NAC620,40
PHI104,3.0,2,LFR,MW,09:40 AM - 11:10 AM,NAC991,39
PHI104,3.0,3,LFR,MW,04:20 PM - 05:50 PM,NAC992,40
PHI104,3.0,4,LFR,MW,02:40 PM - 04:10 PM,NAC992,39
PHI104,3.0,5,SYN,MW,06:00 PM - 07:30 PM,NAC208,40
PHI104,3.0,6,SYN,MW,04:20 PM - 05:50 PM,NAC406,40
PHI104,3.0,7,MMEE,RA,09:40 AM - 11:10 AM,SAC205,40
PHI104,3.0,8,MmEe,RA,01:00 PM - 02:30 PM,NAC601,40
PHI104,3.0,9,MMEE,RA,04:20 PM - 05:50 PM,NAC506,40
PHI104,3.0,10,AJA,ST,08:00 AM - 09:30 AM,NAC213,35
PHI104,3.0,11,AJA,ST,04:20 PM - 05:50 PM,NAC213,34
PHI104,3.0,12,AJA,ST,06:00 PM - 07:30 PM,NAC206,40
PHI401,3.0,1,MnT,RA,11:20 AM - 12:50 PM,NAC601,40
PHI401,3.0,2,MnT,RA,02:40 PM - 04:10 PM,NAC601,40
PHI401,3.0,3,Ezk,ST,08:00 AM - 09:30 AM,NTR1001,80
PHI401,3.0,4,Ezk,ST,11:20 AM - 12:50 PM,NAC406,40
PHI401,3.0,5,Ezk,ST,01:00 PM - 02:30 PM,NAC406,40
PHI401,3.0,6,ZkH1,RA,08:00 AM - 09:30 AM,NTR1001,80
PHI401,3.0,7,ZKH1,RA,09:40 AM - 11:10 AM,NTR1001,80
PHI401,3.0,8,ShL,ST,04:20 PM - 05:50 PM,NAC407,45
PHI401,3.0,9,IBD,RA,06:00 PM - 07:30 PM,NAC213,35
PHI401,3.0,10,Rdn,ST,09:40 AM - 11:10 AM,NAC201,30
PHI401,3.0,11,Rdn,ST,01:00 PM - 02:30 PM,NAC213,35
PHI401,3.0,12,SOJ,RA,04:20 PM - 05:50 PM,NAC206,40
PHI401,3.0,13,SOJ,RA,11:20 AM - 12:50 PM,SAC205,40
PHY107,3.0,1,GMBn,RA,08:00 AM - 09:30 AM,SAC513,30
PHY107,3.0,2,GMBn,RA,11:20 AM - 12:50 PM,SAC513,30
PHY107,3.0,3,GMBn,RA,01:00 PM - 02:30 PM,SAC513,30
PHY107,3.0,5,ZBM,ST,09:40 AM - 11:10 AM,SAC315,30
PHY107,3.0,6,ZBM,ST,04:20 PM - 05:50 PM,SAC203,30
PHY107,3.0,7,Rks,RA,04:20 PM - 05:50 PM,NAC313,30
PHY107,3.0,8,AUZ,ST,09:40 AM - 11:10 AM,SAC203,30
PHY107,3.0,9,AUZ,ST,02:40 PM - 04:10 PM,SAC203,30
PHY107,3.0,10,SCG,MW,11:20 AM - 12:50 PM,SAC211,30
PHY107,3.0,11,SCG,MW,02:40 PM - 04:10 PM,SAC211,30
PHY107,3.0,12,RUH,ST,02:40 PM - 04:10 PM,NAC313,30
PHY107,3.0,15,RRI,RA,08:00 AM - 09:30 AM,SAC315,30
PHY107,3.0,16,RRI,RA,09:40 AM - 11:10 AM,SAC315,30
PHY107,3.0,17,RRI,RA,01:00 PM - 02:30 PM,SAC315,30
PHY107,3.0,18,AK,RA,09:40 AM - 11:10 AM,SAC211,30
PHY107L,3.0,1,RRI,T,08:00 AM - 11:10 AM,SAC509,28
PHY107L,3.0,2,RRI,T,11:20 AM - 02:30 PM,SAC509,28
PHY107L,3.0,3,RRI,W,08:00 AM - 11:10 AM,SAC510,28
PHY107L,3.0,4,RRI,W,11:20 AM - 02:30 PM,SAC510,28
PHY107L,3.0,5,RRI,A,02:40 PM - 05:50 PM,SAC509,28
PHY107L,3.0,6,SLU,M,02:40 PM - 05:50 PM,SAC510,28
PHY107L,3.0,7,SLU,W,02:40 PM - 05:50 PM,SAC510,28
PHY107L,3.0,8,ZBM,M,11:20 AM - 02:30 PM,SAC509,28
PHY107L,3.0,9,ZBM,T,11:20 AM - 02:30 PM,SAC510,28
PHY107L,3.0,10,RUH,M,02:40 PM - 05:50 PM,SAC509,28
PHY107L,3.0,11,RUH,S,11:20 AM - 02:30 PM,SAC510,28
PHY107L,3.0,12,JER,R,11:20 AM - 02:30 PM,SAC509,28
PHY107L,3.0,13,Rks,R,11:20 AM - 02:30 PM,SAC510,28
PHY107L,3.0,14,AK,A,11:20 AM - 02:30 PM,SAC509,28
PHY107L,3.0,15,KSd,A,02:40 PM - 05:50 PM,SAC510,28
PHY108,3.0,1,ZUM,ST,01:00 PM - 02:30 PM,SAC211,30
PHY108,3.0,2,ZUM,ST,04:20 PM - 05:50 PM,NAC313,30
PHY108,3.0,3,ZUM,MW,01:00 PM - 02:30 PM,SAC211,30
PHY108,3.0,4,AIT,RA,08:00 AM - 09:30 AM,SAC309,30
PHY108,3.0,5,SCG,ST,11:20 AM - 12:50 PM,NAC507,30
PHY108,3.0,6,SCG,ST,02:40 PM - 04:10 PM,SAC315,30
PHY108,3.0,7,AuZ,MW,09:40 AM - 11:10 AM,SAC211,30
PHY108,3.0,8,AuZ,MW,02:40 PM - 04:10 PM,SAC203,30
PHY108,3.0,9,RUH,MW,09:40 AM - 11:10 AM,NAC507,30
PHY108,3.0,11,ZBM,MW,04:20 PM - 05:50 PM,SAC208,30
PHY108,3.0,12,HRr,ST,11:20 AM - 12:50 PM,NAC313,30
PHY108,3.0,13,HRr,ST,04:20 PM - 05:50 PM,SAC315,30
PHY108,3.0,14,SLU,MW,09:40 AM - 11:10 AM,SAC513,30
PHY108,3.0,16,RUH,MW,11:20 AM - 12:50 PM,SAC513,30
PHY108,3.0,17,AIT,RA,09:40 AM - 11:10 AM,SAC513,30
PHY108L,3.0,1,ZUM,S,11:20 AM - 02:30 PM,SAC512,28
PHY108L,3.0,2,ZUM,M,11:20 AM - 02:30 PM,SAC512,28
PHY108L,3.0,3,ZUM,T,11:20 AM - 02:30 PM,SAC512,28
PHY108L,3.0,4,HrR,S,08:00 AM - 11:10 AM,SAC512,28
PHY108L,3.0,5,HrR,M,08:00 AM - 11:10 AM,SAC512,28
PHY108L,3.0,6,HrR,W,08:00 AM - 11:10 AM,SAC512,28
PHY108L,3.0,7,RUH,T,11:20 AM - 02:30 PM,SAC514,28
PHY108L,3.0,8,SCG,S,08:00 AM - 11:10 AM,SAC514,28
PHY108L,3.0,9,SCG,T,08:00 AM - 11:10 AM,SAC514,28
PHY108L,3.0,10,ZBM,S,11:20 AM - 02:30 PM,SAC514,28
PHY108L,3.0,11,SLU,T,02:40 PM - 05:50 PM,SAC512,28
PHY108L,3.0,12,AIT,A,11:20 AM - 02:30 PM,SAC514,28
PHY108L,3.0,13,KSd,A,11:20 AM - 02:30 PM,SAC512,28
PHY240,3.0,1,ZBM,R,11:20 AM - 12:50 PM,LAB1,35
PHY350,3.0,1,AUZ,R,09:40 AM - 11:10 AM,LAB1,35
POL101,3.0,1,MBU,ST,11:20 AM - 12:50 PM,NAC509,27
POL101,3.0,2,MBU,ST,02:40 PM - 04:10 PM,NAC509,29
POL101,3.0,3,MNzz,ST,09:40 AM - 11:10 AM,NAC1078,31
POL101,3.0,4,MNzz,MW,09:40 AM - 11:10 AM,NAC1080,32
POL101,3.0,5,MNzz,MW,11:20 AM - 12:50 PM,NAC1080,30
POL101,3.0,6,MJU,MW,09:40 AM - 11:10 AM,NAC304,33
POL101,3.0,7,MJU,MW,11:20 AM - 12:50 PM,NAC304,33
POL101,3.0,8,MJU,MW,02:40 PM - 04:10 PM,NAC304,32
POL101,3.0,9,MJU,ST,11:20 AM - 12:50 PM,NAC311,67
POL101,3.0,10,HMB,ST,11:20 AM - 12:50 PM,NAC303,33
POL101,3.0,11,HMB,ST,02:40 PM - 04:10 PM,NAC202,34
POL101,3.0,12,HMB,MW,01:00 PM - 02:30 PM,NAC303,35
POL101,3.0,13,HMB,MW,02:40 PM - 04:10 PM,NAC1080,45
POL101,3.0,14,MJUn,ST,02:40 PM - 04:10 PM,NAC303,35
POL101,3.0,15,NOS,MW,01:00 PM - 02:30 PM,NAC211,70
POL101,3.0,16,NOS,MW,04:20 PM - 05:50 PM,NAC413,35
POL101,3.0,17,NOS,RA,09:40 AM - 11:10 AM,NAC517,67
POL101,3.0,18,NOS,RA,11:20 AM - 12:50 PM,NAC517,68
POL101,3.0,19,NOS,RA,02:40 PM - 04:10 PM,NAC211,68
POL101,3.0,20,ADL,ST,01:00 PM - 02:30 PM,NAC413,33
POL101,3.0,21,ADL,ST,04:20 PM - 05:50 PM,NAC411,35
POL101,3.0,22,ADL,MW,09:40 AM - 11:10 AM,NAC509,35
POL101,3.0,23,ADL,MW,01:00 PM - 02:30 PM,NAC304,35
POL101,3.0,24,SyNA,ST,08:00 AM - 09:30 AM,NAC517,70
POL101,3.0,25,SyNA,ST,09:40 AM - 11:10 AM,NAC517,69
POL101,3.0,27,TmN,ST,08:00 AM - 09:30 AM,NAC303,35
POL101,3.0,28,TmN,ST,09:40 AM - 11:10 AM,NAC303,35
POL101,3.0,29,TmN,ST,01:00 PM - 02:30 PM,NAC303,35
POL101,3.0,30,TmN,MW,09:40 AM - 11:10 AM,NAC303,34
POL101,3.0,31,ZIM,MW,02:40 PM - 04:10 PM,NAC211,70
POL101,3.0,32,IHB,MW,01:00 PM - 02:30 PM,NAC413,35
POL101,3.0,33,IHB,MW,02:40 PM - 04:10 PM,NAC413,35
POL101,3.0,34,IHB,ST,01:00 PM - 02:30 PM,NAC509,35
POL101,3.0,35,Klm,RA,11:20 AM - 12:50 PM,NAC304,34
POL101,3.0,36,Klm,RA,02:40 PM - 04:10 PM,NAC205,35
POL101,3.0,37,SuA2,RA,09:40 AM - 11:10 AM,NAC304,32
POL101,3.0,40,NHS1,RA,06:00 PM - 07:30 PM,NAC314,35
POL101,3.0,41,ZHD,RA,08:00 AM - 09:30 AM,NAC517,70
POL101,3.0,42,ZHD,RA,11:20 AM - 12:50 PM,NAC211,70
POL101,3.0,43,ZHD,RA,01:00 PM - 02:30 PM,NAC303,35
POL101,3.0,44,MMH3,RA,08:00 AM - 09:30 AM,NAC314,35
POL101,3.0,47,SA2,MW,04:20 PM - 05:50 PM,NAC304,35
POL101,3.0,48,SA2,MW,06:00 PM - 07:30 PM,NAC304,35
POL101,3.0,49,AKHN,RA,02:40 PM - 04:10 PM,NAC210,35
POL101,3.0,50,AKHN,RA,06:00 PM - 07:30 PM,NAC210,35
POL101,3.0,51,RML,ST,06:00 PM - 07:30 PM,NAC304,35
POL101,3.0,52,SAE,ST,06:00 PM - 07:30 PM,NAC307,35
POL101,3.0,53,TBA,ST,06:00 PM - 07:30 PM,NAC314,35
POL104,3.0,1,MMH3,RA,09:40 AM - 11:10 AM,NAC314,35
POL104,3.0,2,ASRN,RA,04:20 PM - 05:50 PM,NAC205,35
POL104,3.0,3,EUM,RA,11:20 AM - 12:50 PM,NAC314,35
POL202,3.0,1,MNzz,ST,11:20 AM - 12:50 PM,NAC1078,35
POL202,3.0,2,MJUn,ST,11:20 AM - 12:50 PM,NAC202,35
POL202,3.0,3,IHB,ST,04:20 PM - 05:50 PM,NAC508,35
PSY101,3.0,1,MUSR,ST,09:40 AM - 11:10 AM,NTR1001,72
PSY101,3.0,2,MUSR,ST,02:40 PM - 04:10 PM,NAC621,44
PSY101,3.0,3,MUSR,MW,11:20 AM - 12:50 PM,NTR1001,78
PSY101,3.0,4,ABQ1,RA,08:00 AM - 09:30 AM,NAC511,40
PSY101,3.0,5,ABQ1,RA,01:00 PM - 02:30 PM,NAC603,35
PSY101,3.0,6,AmR1,ST,11:20 AM - 12:50 PM,NAC213,32
PSY101,3.0,7,AmR1,MW,11:20 AM - 12:50 PM,NAC406,38
PSY101,3.0,8,AmR1,MW,01:00 PM - 02:30 PM,NAC406,40
PSY101,3.0,9,Fhk,ST,09:40 AM - 11:10 AM,NAC407,44
PSY101,3.0,10,Fhk,ST,01:00 PM - 02:30 PM,NAC407,45
PSY101,3.0,11,Fhk,MW,11:20 AM - 12:50 PM,NAC407,44
PSY101,3.0,12,RASN,ST,09:40 AM - 11:10 AM,NAC213,35
PSY101,3.0,13,RASN,MW,09:40 AM - 11:10 AM,NAC213,34
PSY101,3.0,14,RASN,MW,01:00 PM - 02:30 PM,NAC407,45
PSY101,3.0,15,HSR,RA,11:20 AM - 12:50 PM,NAC602,38
PSY101,3.0,16,HSR,RA,04:20 PM - 05:50 PM,NAC602,40
PSY101,3.0,18,ARK3,RA,08:00 AM - 09:30 AM,NAC406,40
PSY101,3.0,19,ARK3,RA,09:40 AM - 11:10 AM,NAC603,40
PSY101,3.0,20,MRO,MW,08:00 AM - 09:30 AM,NAC407,45
PSY101,3.0,21,MRo,MW,09:40 AM - 11:10 AM,NAC201,30
PSY101,3.0,22,SRHN,RA,08:00 AM - 09:30 AM,NAC201,30
PSY101,3.0,23,SRHN,RA,01:00 PM - 02:30 PM,NAC510,39
PSY101,3.0,24,IHT,RA,11:20 AM - 12:50 PM,NAC406,40
PSY101,3.0,25,IHT,RA,01:00 PM - 02:30 PM,NAC406,40
PSY101,3.0,26,IHT,RA,04:20 PM - 05:50 PM,NAC620,40
PSY101,3.0,27,TBA,MW,11:20 AM - 12:50 PM,NAC603,40
PSY101,3.0,28,TBA,MW,02:40 PM - 04:10 PM,NAC993,40
PSY101L,3.0,1,Fhk,M,02:40 PM - 04:10 PM,NAC201,15
PSY101L,3.0,2,Fhk,M,02:40 PM - 04:10 PM,NAC201-v1,15
PSY101L,3.0,3,Fhk,W,02:40 PM - 04:10 PM,NAC201,15
PSY101L,3.0,4,RaSn,S,01:00 PM - 02:30 PM,NAC201,15
PSY101L,3.0,5,RaSn,S,01:00 PM - 02:30 PM,NAC201-v1,15
PSY101L,3.0,6,RaSn,T,01:00 PM - 02:30 PM,NAC201,15
PSY101L,3.0,7,AmR1,S,02:40 PM - 04:10 PM,NAC201,15
PSY101L,3.0,8,AmR1,S,02:40 PM - 04:10 PM,NAC201-v1,15
PSY101L,3.0,9,AmR1,T,02:40 PM - 04:10 PM,NAC201,15
PSY101L,3.0,10,ARK3,A,02:40 PM - 04:10 PM,NAC201,15
PSY101L,3.0,11,ARK3,A,02:40 PM - 04:10 PM,NAC201-v1,15
PSY101L,3.0,12,ARK3,A,04:20 PM - 05:50 PM,NAC201,15
PSY101L,3.0,13,Abq1,R,11:20 AM - 12:50 PM,NAC201,15
PSY101L,3.0,14,Abq1,R,11:20 AM - 12:50 PM,NAC201-v1,15
PSY101L,3.0,15,Abq1,A,11:20 AM - 12:50 PM,NAC201,15
PSY101L,3.0,16,SRHN,R,09:40 AM - 11:10 AM,NAC201,15
PSY101L,3.0,17,SRHN,R,09:40 AM - 11:10 AM,NAC201-v1,15
PSY101L,3.0,18,SRHN,A,09:40 AM - 11:10 AM,NAC201,15
PSY101L,3.0,19,MRO,M,01:00 PM - 02:30 PM,NAC201,15
PSY101L,3.0,20,MRO,M,01:00 PM - 02:30 PM,NAC201-v1,15
PSY101L,3.0,21,MRO,W,01:00 PM - 02:30 PM,NAC201,15
PSY101L,3.0,22,HSR,R,01:00 PM - 02:30 PM,NAC201,15
PSY101L,3.0,23,HSR,R,01:00 PM - 02:30 PM,NAC201-v1,15
PSY101L,3.0,24,HSR,A,01:00 PM - 02:30 PM,NAC201,15
PSY101L,3.0,25,TBA,S,11:20 AM - 12:50 PM,NAC201,15
PSY101L,3.0,26,TBA,S,11:20 AM - 12:50 PM,NAC201-v1,15
PSY101L,3.0,27,TBA,T,11:20 AM - 12:50 PM,NAC201,15
SCM310,3.0,1,MHCw,MW,02:40 PM - 04:10 PM,NAC504,45
SCM320,3.0,1,ZTM,ST,02:40 PM - 04:10 PM,NAC308,40
SCM450,3.0,1,SNO,ST,04:20 PM - 05:50 PM,NAC205,40
MGT680/SCM601,3.0,1,AdZ,A,07:00 PM - 10:10 PM,NAC602,30
SCM602,3.0,1,MARn,T,07:00 PM - 10:10 PM,NAC515,30
SCM603,3.0,1,Hsi,A,03:00 PM - 06:30 PM,NAC619,30
SCM604,3.0,1,SNO,M,07:00 PM - 10:10 PM,NAC511,30
SCM605,3.0,1,TBA,R,07:00 PM - 10:10 PM,NAC604,30
SCM606,3.0,1,ZiA,S,07:00 PM - 10:10 PM,NAC511,30
SCM608,3.0,1,Hsi,A,07:00 PM - 10:10 PM,NAC619,30
SOC101,3.0,1,IZS,ST,02:40 PM - 04:10 PM,NAC304,3
SOC101,3.0,2,MSRz,ST,01:00 PM - 02:30 PM,NAC314,21
SOC101,3.0,3,MSRz,MW,11:20 AM - 12:50 PM,NAC303,10
SOC101,3.0,4,MSRz,MW,01:00 PM - 02:30 PM,NAC314,32
SOC101,3.0,5,MSRz,ST,11:20 AM - 12:50 PM,NAC304,9
SOC101,3.0,6,IZS,ST,04:20 PM - 05:50 PM,NAC304,32
SOC101,3.0,7,IZS,MW,02:40 PM - 04:10 PM,NAC314,32
SOC101,3.0,8,IZS,MW,04:20 PM - 05:50 PM,NAC314,33
SOC101,3.0,9,AWo,ST,09:40 AM - 11:10 AM,NAC216,15
SOC101,3.0,10,AWo,ST,01:00 PM - 02:30 PM,NAC304,29
SOC101,3.0,11,AWo,ST,02:40 PM - 04:10 PM,NAC1080,44
SOC101,3.0,12,AWo,MW,09:40 AM - 11:10 AM,NAC314,28
SOC101,3.0,13,MJUn,MW,11:20 AM - 12:50 PM,NAC509,33
SOC101,3.0,14,MJUn,MW,01:00 PM - 02:30 PM,NAC509,34
SOC101,3.0,16,MAj,ST,04:20 PM - 05:50 PM,NAC413,34
SOC101,3.0,17,SRFz,ST,11:20 AM - 12:50 PM,NAC517,66
SOC101,3.0,18,SRFz,ST,02:40 PM - 04:10 PM,NAC517,70
SOC101,3.0,19,TBA,MW,08:00 AM - 09:30 AM,NAC304,34
SOC101,3.0,23,RJS,RA,02:40 PM - 04:10 PM,NAC517,68
SOC101,3.0,24,RJS,ST,01:00 PM - 02:30 PM,NAC517,69
SOC101,3.0,26,SQL,MW,02:40 PM - 04:10 PM,NAC517,69
SOC101,3.0,28,SQL,MW,04:20 PM - 05:50 PM,NAC211,80
SOC101,3.0,29,TZf,MW,11:20 AM - 12:50 PM,NAC517,67
SOC101,3.0,30,TZf,MW,01:00 PM - 02:30 PM,NAC517,69
SOC101,3.0,31,TZf,MW,04:20 PM - 05:50 PM,NAC517,70
SOC101,3.0,32,TZf,ST,09:40 AM - 11:10 AM,NAC509,34
SOC101,3.0,33,SRFz,MW,08:00 AM - 09:30 AM,NAC517,70
SOC101,3.0,34,SyNA,MW,09:40 AM - 11:10 AM,NAC517,70
SOC101,3.0,35,ZIM,MW,11:20 AM - 12:50 PM,NAC211,59
SOC101,3.0,37,NAH1,RA,04:20 PM - 05:50 PM,NAC303,34
SOC101,3.0,38,MSRz,MW,04:20 PM - 05:50 PM,NAC1077,45
SOC101,3.0,39,MSRz,ST,04:20 PM - 05:50 PM,NAC314,35
SOC101,3.0,40,MzK,RA,08:00 AM - 09:30 AM,NAC603,37
SOC101,3.0,41,MzK,RA,01:00 PM - 02:30 PM,NAC211,66
SOC101,3.0,42,AAA,RA,02:40 PM - 04:10 PM,NAC314,34
SOC101,3.0,43,AAA,RA,04:20 PM - 05:50 PM,NAC314,35
SOC101,3.0,44,AAA,MW,04:20 PM - 05:50 PM,NAC509,35
SOC101,3.0,45,SyNA,MW,08:00 AM - 09:30 AM,OAT602,45
SOC101,3.0,46,Fns,ST,08:00 AM - 09:30 AM,NAC311,70
SOC101,3.0,47,Fns,RA,02:40 PM - 04:10 PM,NAC304,34
SOC101,3.0,48,Fns,RA,04:20 PM - 05:50 PM,NAC517,70
SOC101,3.0,49,CMM,MW,04:20 PM - 05:50 PM,NAC501,35
SOC101,3.0,50,CMM,MW,06:00 PM - 07:30 PM,NAC307,35
SOC101,3.0,51,TAE,MW,08:00 AM - 09:30 AM,NAC314,35
SOC101,3.0,52,TBA,ST,08:00 AM - 09:30 AM,NAC304,35
SOC101,3.0,53,RSN,MW,04:20 PM - 05:50 PM,NAC303,35
SOC103,3.0,1,MAj,ST,11:20 AM - 12:50 PM,NAC413,34
SOC103,3.0,2,MAj,ST,02:40 PM - 04:10 PM,NAC413,35
SOC201,3.0,1,NAH1,RA,01:00 PM - 02:30 PM,NAC304,35
SOC201,3.0,2,KTa,RA,06:00 PM - 07:30 PM,NAC304,35
SOC205,3.0,1,SQL,MW,11:20 AM - 12:50 PM,NAC413,16
TNM201,3.0,2,HFI,ST,09:40 AM - 11:10 AM,NTR204,25
TNM201,3.0,3,HFI,MW,08:00 AM - 09:30 AM,NTR304,25
TNM201,3.0,4,MEE,ST,09:40 AM - 11:10 AM,NAC413,40
TNM201,3.0,5,MEE,MW,09:40 AM - 11:10 AM,NAC413,40
TNM201,3.0,6,NNK,ST,11:20 AM - 12:50 PM,NTR304,25
TNM201,3.0,7,NNI,MW,11:20 AM - 12:50 PM,NTR304,25
TNM201,3.0,9,MKAR,RA,01:00 PM - 02:30 PM,NTR304,25
TNM201,3.0,10,SPL,RA,02:40 PM - 04:10 PM,NTR204,25
TNM201,3.0,11,MKAR,RA,09:40 AM - 11:10 AM,NTR204,25
TNM201,3.0,12,SPL,RA,04:20 PM - 05:50 PM,NTR204,25
TNM201,3.0,14,TBA,RA,06:00 PM - 07:30 PM,NTR304,25
TNM201,3.0,15,NNI,MW,01:00 PM - 02:30 PM,NAC601,40
TNM201,3.0,16,TBA,RA,04:20 PM - 05:50 PM,NTR304,25
TNM201,3.0,17,HFI,ST,11:20 AM - 12:50 PM,NAC619,40
WMS201,3.0,1,NJE,RA,04:20 PM - 05:50 PM,NAC604,35
WMS201,3.0,2,KTa,RA,04:20 PM - 05:50 PM,NAC304,35
WMS201,3.0,3,SABy,RA,08:00 AM - 09:30 AM,NAC992,35
WMS201,3.0,4,SABy,RA,11:20 AM - 12:50 PM,NAC303,35
WMS201,3.0,5,RSN,MW,06:00 PM - 07:30 PM,NAC314,35
WMS201,3.0,6,TBA,RA,06:00 PM - 07:30 PM,NAC309,40
